{
    "root_group": {
        "id": "d41d8cd98f00b204e9800998ecf8427e",
        "groups": {},
        "checks": {
                "status = 200": {
                    "name": "status = 200",
                    "path": "::status = 200",
                    "id": "5e90a7a0f7a18f344a4df4657c2138be",
                    "passes": 301,
                    "fails": 0
                }
            },
        "name": "",
        "path": ""
    },
    "metrics": {
        "http_reqs": {
            "count": 301,
            "rate": 29.90730424799971
        },
        "http_req_failed": {
            "passes": 0,
            "fails": 301,
            "value": 0
        },
        "vus_max": {
            "value": 200,
            "min": 200,
            "max": 200
        },
        "http_req_duration": {
            "avg": 288.9650598006642,
            "min": 56.09,
            "med": 77.264,
            "max": 2039.742,
            "p(90)": 1123.822,
            "p(95)": 1636.68
        },
        "data_received": {
            "count": 1172087,
            "rate": 116458.34722300743
        },
        "http_req_sending": {
            "avg": 0.1507508305647842,
            "min": 0.044,
            "med": 0.131,
            "max": 1.44,
            "p(90)": 0.197,
            "p(95)": 0.214
        },
        "http_req_tls_handshaking": {
            "p(90)": 153.079,
            "p(95)": 161.521,
            "avg": 90.6505315614618,
            "min": 0,
            "med": 123.978,
            "max": 230.363
        },
        "http_req_connecting": {
            "avg": 41.28047508305651,
            "min": 0,
            "med": 54.994,
            "max": 122.451,
            "p(90)": 70.516,
            "p(95)": 79.387
        },
        "http_req_blocked": {
            "med": 182.866,
            "max": 318.466,
            "p(90)": 217.505,
            "p(95)": 233.838,
            "avg": 133.08496345514874,
            "min": 0
        },
        "http_req_receiving": {
            "avg": 0.3925548172757473,
            "min": 0.014,
            "med": 0.044,
            "max": 8.496,
            "p(90)": 1.103,
            "p(95)": 2.014
        },
        "vus": {
            "max": 200,
            "value": 200,
            "min": 200
        },
        "iterations": {
            "count": 301,
            "rate": 29.90730424799971
        },
        "http_req_duration{expected_response:true}": {
            "p(95)": 1636.68,
            "avg": 288.9650598006642,
            "min": 56.09,
            "med": 77.264,
            "max": 2039.742,
            "p(90)": 1123.822
        },
        "http_req_waiting": {
            "min": 55.328,
            "med": 77,
            "max": 2039.517,
            "p(90)": 1123.667,
            "p(95)": 1636.006,
            "avg": 288.421754152824
        },
        "checks": {
            "passes": 301,
            "fails": 0,
            "value": 1
        },
        "data_sent": {
            "count": 171362,
            "rate": 17026.496579886134
        },
        "iteration_duration": {
            "max": 2258.483458,
            "p(90)": 1312.176292,
            "p(95)": 1811.560125,
            "avg": 422.448882169435,
            "min": 56.674416,
            "med": 267.02675
        }
    }
}