{
    "root_group": {
        "id": "d41d8cd98f00b204e9800998ecf8427e",
        "groups": {},
        "checks": {
                "status = 200": {
                    "name": "status = 200",
                    "path": "::status = 200",
                    "id": "5e90a7a0f7a18f344a4df4657c2138be",
                    "passes": 901,
                    "fails": 0
                }
            },
        "name": "",
        "path": ""
    },
    "metrics": {
        "data_sent": {
            "rate": 5264.838107442733,
            "count": 158222
        },
        "http_req_connecting": {
            "max": 1053.446,
            "p(90)": 0,
            "p(95)": 0,
            "avg": 4.692577136514984,
            "min": 0,
            "med": 0
        },
        "checks": {
            "passes": 901,
            "fails": 0,
            "value": 1
        },
        "iterations": {
            "count": 901,
            "rate": 29.980781021639867
        },
        "http_req_receiving": {
            "avg": 0.14246392896781312,
            "min": 0.019,
            "med": 0.088,
            "max": 8.994,
            "p(90)": 0.149,
            "p(95)": 0.191
        },
        "vus": {
            "value": 20,
            "min": 20,
            "max": 20
        },
        "http_req_duration": {
            "avg": 68.60895449500559,
            "min": 47.833,
            "med": 53.938,
            "max": 660.164,
            "p(90)": 72.614,
            "p(95)": 149.821
        },
        "data_received": {
            "count": 280067,
            "rate": 9319.231296767606
        },
        "iteration_duration": {
            "avg": 84.24564975471708,
            "min": 48.209417,
            "med": 54.413375,
            "max": 1869.199167,
            "p(90)": 83.938125,
            "p(95)": 236.256333
        },
        "http_req_tls_handshaking": {
            "p(95)": 0,
            "avg": 10.392520532741399,
            "min": 0,
            "med": 0,
            "max": 1558.374,
            "p(90)": 0
        },
        "http_req_blocked": {
            "p(95)": 0.005,
            "avg": 15.197358490566188,
            "min": 0,
            "med": 0.001,
            "max": 1814.247,
            "p(90)": 0.002
        },
        "http_req_sending": {
            "min": 0.035,
            "med": 0.132,
            "max": 0.324,
            "p(90)": 0.18,
            "p(95)": 0.192,
            "avg": 0.12476470588235311
        },
        "vus_max": {
            "min": 20,
            "max": 20,
            "value": 20
        },
        "http_req_failed": {
            "passes": 0,
            "fails": 901,
            "value": 0
        },
        "http_req_waiting": {
            "max": 660.055,
            "p(90)": 72.467,
            "p(95)": 149.534,
            "avg": 68.34172586015538,
            "min": 47.643,
            "med": 53.625
        },
        "http_req_duration{expected_response:true}": {
            "max": 660.164,
            "p(90)": 72.614,
            "p(95)": 149.821,
            "avg": 68.60895449500559,
            "min": 47.833,
            "med": 53.938
        },
        "http_reqs": {
            "count": 901,
            "rate": 29.980781021639867
        }
    }
}