{
    "metrics": {
        "http_req_failed": {
            "fails": 895,
            "passes": 0,
            "value": 0
        },
        "vus_max": {
            "value": 26,
            "min": 20,
            "max": 26
        },
        "http_req_waiting": {
            "max": 1631.141,
            "p(90)": 63.812400000000004,
            "p(95)": 133.0433999999999,
            "avg": 84.41952960893862,
            "min": 46.972,
            "med": 53.017
        },
        "data_received": {
            "count": 312419,
            "rate": 10395.874725881215
        },
        "http_reqs": {
            "rate": 29.78150458091117,
            "count": 895
        },
        "http_req_duration{expected_response:true}": {
            "avg": 84.66308156424581,
            "min": 47.245,
            "med": 53.258,
            "max": 1631.385,
            "p(90)": 63.992200000000004,
            "p(95)": 133.2202999999999
        },
        "http_req_connecting": {
            "min": 0,
            "med": 0,
            "max": 1049.053,
            "p(90)": 0,
            "p(95)": 0,
            "avg": 2.4955296089385475
        },
        "checks": {
            "passes": 895,
            "fails": 0,
            "value": 1
        },
        "data_sent": {
            "count": 160928,
            "rate": 5354.947451616618
        },
        "http_req_blocked": {
            "p(90)": 0.002,
            "p(95)": 0.005,
            "avg": 6.154508379888417,
            "min": 0,
            "med": 0.001,
            "max": 1155.189
        },
        "iterations": {
            "count": 895,
            "rate": 29.78150458091117
        },
        "vus": {
            "min": 20,
            "max": 26,
            "value": 26
        },
        "http_req_receiving": {
            "avg": 0.11026033519553062,
            "min": 0.021,
            "med": 0.087,
            "max": 4.778,
            "p(90)": 0.151,
            "p(95)": 0.19929999999999998
        },
        "http_req_tls_handshaking": {
            "p(90)": 0,
            "p(95)": 0,
            "avg": 3.652325139664804,
            "min": 0,
            "med": 0,
            "max": 654.586
        },
        "dropped_iterations": {
            "count": 6,
            "rate": 0.19965254467649948
        },
        "http_req_sending": {
            "avg": 0.13329162011173187,
            "min": 0.041,
            "med": 0.138,
            "max": 0.284,
            "p(90)": 0.1746,
            "p(95)": 0.192
        },
        "iteration_duration": {
            "med": 53.743667,
            "max": 1632.007542,
            "p(90)": 74.6156498,
            "p(95)": 209.7459956,
            "avg": 91.28415430837978,
            "min": 47.714834
        },
        "http_req_duration": {
            "max": 1631.385,
            "p(90)": 63.992200000000004,
            "p(95)": 133.2202999999999,
            "avg": 84.66308156424581,
            "min": 47.245,
            "med": 53.258
        }
    },
    "root_group": {
        "name": "",
        "path": "",
        "id": "d41d8cd98f00b204e9800998ecf8427e",
        "groups": {},
        "checks": {
                "status = 200": {
                    "name": "status = 200",
                    "path": "::status = 200",
                    "id": "5e90a7a0f7a18f344a4df4657c2138be",
                    "passes": 895,
                    "fails": 0
                }
            }
    }
}