{
    "metrics": {
        "data_received": {
            "rate": 9319.248042061814,
            "count": 280067
        },
        "http_reqs": {
            "count": 901,
            "rate": 29.980834892713865
        },
        "iteration_duration": {
            "min": 48.015333,
            "med": 54.205458,
            "max": 571.959708,
            "p(90)": 62.293667,
            "p(95)": 116.112667,
            "avg": 65.78703453829081
        },
        "http_req_duration{expected_response:true}": {
            "med": 53.703,
            "max": 571.625,
            "p(90)": 60.101,
            "p(95)": 65.984,
            "avg": 61.92515982241965,
            "min": 47.71
        },
        "http_req_duration": {
            "avg": 61.92515982241965,
            "min": 47.71,
            "med": 53.703,
            "max": 571.625,
            "p(90)": 60.101,
            "p(95)": 65.984
        },
        "data_sent": {
            "count": 158222,
            "rate": 5264.847567585986
        },
        "iterations": {
            "count": 901,
            "rate": 29.980834892713865
        },
        "http_req_blocked": {
            "avg": 3.4116692563819324,
            "min": 0,
            "med": 0.001,
            "max": 213.051,
            "p(90)": 0.002,
            "p(95)": 0.005
        },
        "http_req_tls_handshaking": {
            "avg": 2.301207547169811,
            "min": 0,
            "med": 0,
            "max": 117.033,
            "p(90)": 0,
            "p(95)": 0
        },
        "vus_max": {
            "value": 20,
            "min": 20,
            "max": 20
        },
        "vus": {
            "value": 20,
            "min": 20,
            "max": 20
        },
        "http_req_waiting": {
            "med": 53.474,
            "max": 571.461,
            "p(90)": 59.756,
            "p(95)": 65.419,
            "avg": 61.663612652608236,
            "min": 47.535
        },
        "http_req_receiving": {
            "p(95)": 0.199,
            "avg": 0.13465704772474985,
            "min": 0.026,
            "med": 0.091,
            "max": 10.747,
            "p(90)": 0.156
        },
        "http_req_failed": {
            "passes": 0,
            "fails": 901,
            "value": 0
        },
        "checks": {
            "passes": 901,
            "fails": 0,
            "value": 1
        },
        "http_req_connecting": {
            "avg": 1.02692230854606,
            "min": 0,
            "med": 0,
            "max": 50.59,
            "p(90)": 0,
            "p(95)": 0
        },
        "http_req_sending": {
            "p(90)": 0.172,
            "p(95)": 0.186,
            "avg": 0.12689012208657066,
            "min": 0.024,
            "med": 0.134,
            "max": 0.302
        }
    },
    "root_group": {
        "name": "",
        "path": "",
        "id": "d41d8cd98f00b204e9800998ecf8427e",
        "groups": {},
        "checks": {
                "status = 200": {
                    "name": "status = 200",
                    "path": "::status = 200",
                    "id": "5e90a7a0f7a18f344a4df4657c2138be",
                    "passes": 901,
                    "fails": 0
                }
            }
    }
}