{
    "metrics": {
        "http_req_tls_handshaking": {
            "p(95)": 91.7409,
            "avg": 87.56906092715235,
            "min": 83.4664,
            "med": 87.0393,
            "max": 110.1621,
            "p(90)": 89.6462
        },
        "iteration_duration": {
            "avg": 182.5098503311259,
            "min": 172.6116,
            "med": 181.3487,
            "max": 205.3621,
            "p(90)": 188.4005,
            "p(95)": 191.9238
        },
        "http_req_sending": {
            "med": 0.4428,
            "max": 1.1471,
            "p(90)": 0.9279,
            "p(95)": 0.9996,
            "avg": 0.44453046357615905,
            "min": 0
        },
        "http_req_failed": {
            "passes": 0,
            "fails": 151,
            "value": 0
        },
        "data_received": {
            "count": 865532,
            "rate": 166979.9619685606
        },
        "http_req_receiving": {
            "max": 0.9998,
            "p(90)": 0.7289,
            "p(95)": 0.8801000000000001,
            "avg": 0.1701655629139073,
            "min": 0,
            "med": 0
        },
        "vus_max": {
            "value": 3000,
            "min": 3000,
            "max": 3000
        },
        "http_reqs": {
            "rate": 29.131186665834015,
            "count": 151
        },
        "http_req_blocked": {
            "min": 124.5822,
            "med": 129.0996,
            "max": 151.9195,
            "p(90)": 132.7899,
            "p(95)": 134.7092,
            "avg": 129.7903900662252
        },
        "checks": {
            "fails": 0,
            "passes": 151,
            "value": 1
        },
        "iterations": {
            "count": 151,
            "rate": 29.131186665834015
        },
        "data_sent": {
            "count": 119441,
            "rate": 23042.768652674706
        },
        "http_req_connecting": {
            "max": 46.2057,
            "p(90)": 43.3852,
            "p(95)": 44.051649999999995,
            "avg": 41.72116821192055,
            "min": 39.8787,
            "med": 41.4317
        },
        "http_req_waiting": {
            "p(90)": 57.568,
            "p(95)": 58.967349999999996,
            "avg": 51.6963894039735,
            "min": 45.5543,
            "med": 50.7794,
            "max": 66.4619
        },
        "http_req_duration{expected_response:true}": {
            "p(95)": 59.34975,
            "avg": 52.311085430463585,
            "min": 46.3208,
            "med": 51.1773,
            "max": 66.4619,
            "p(90)": 58.4636
        },
        "vus": {
            "value": 3000,
            "min": 3000,
            "max": 3000
        },
        "http_req_duration": {
            "max": 66.4619,
            "p(90)": 58.4636,
            "p(95)": 59.34975,
            "avg": 52.311085430463585,
            "min": 46.3208,
            "med": 51.1773
        }
    },
    "root_group": {
        "id": "d41d8cd98f00b204e9800998ecf8427e",
        "groups": {},
        "checks": {
                "status = 200": {
                    "name": "status = 200",
                    "path": "::status = 200",
                    "id": "5e90a7a0f7a18f344a4df4657c2138be",
                    "passes": 151,
                    "fails": 0
                }
            },
        "name": "",
        "path": ""
    }
}