{
    "metrics": {
        "http_req_receiving": {
            "min": 0,
            "med": 0,
            "max": 1.0253,
            "p(90)": 0.5352,
            "p(95)": 0.8498,
            "avg": 0.13016225165562917
        },
        "iterations": {
            "count": 151,
            "rate": 28.88506462535851
        },
        "http_req_duration": {
            "min": 46.3593,
            "med": 53.3466,
            "max": 876.6431,
            "p(90)": 377.2782,
            "p(95)": 640.5946,
            "avg": 124.14970397350996
        },
        "http_req_blocked": {
            "min": 125.7002,
            "med": 130.1735,
            "max": 354.7541,
            "p(90)": 141.7271,
            "p(95)": 195.8331,
            "avg": 140.9333298013245
        },
        "vus_max": {
            "value": 3000,
            "min": 3000,
            "max": 3000
        },
        "checks": {
            "passes": 151,
            "fails": 0,
            "value": 1
        },
        "http_req_waiting": {
            "max": 875.8615,
            "p(90)": 376.7401,
            "p(95)": 639.81215,
            "avg": 123.56155165562913,
            "min": 45.2859,
            "med": 52.674
        },
        "http_reqs": {
            "count": 151,
            "rate": 28.88506462535851
        },
        "http_req_duration{expected_response:true}": {
            "med": 53.3466,
            "max": 876.6431,
            "p(90)": 377.2782,
            "p(95)": 640.5946,
            "avg": 124.14970397350996,
            "min": 46.3593
        },
        "http_req_connecting": {
            "min": 39.6363,
            "med": 41.7033,
            "max": 99.053,
            "p(90)": 43.9358,
            "p(95)": 45.63335,
            "avg": 42.892649668874185
        },
        "http_req_sending": {
            "p(90)": 0.8738,
            "p(95)": 0.9609,
            "avg": 0.45799006622516564,
            "min": 0,
            "med": 0.475,
            "max": 1.1642
        },
        "http_req_tls_handshaking": {
            "avg": 90.08501456953643,
            "min": 82.9844,
            "med": 87.5583,
            "max": 127.0766,
            "p(90)": 96.183,
            "p(95)": 116.1874
        },
        "iteration_duration": {
            "avg": 265.4723496688742,
            "min": 174.6048,
            "med": 185.0727,
            "max": 1006.5677,
            "p(90)": 509.2973,
            "p(95)": 768.15795
        },
        "http_req_failed": {
            "passes": 0,
            "fails": 151,
            "value": 0
        },
        "data_received": {
            "count": 865532,
            "rate": 165569.19043255498
        },
        "data_sent": {
            "count": 119441,
            "rate": 22848.086118658583
        },
        "vus": {
            "value": 3000,
            "min": 3000,
            "max": 3000
        }
    },
    "root_group": {
        "checks": {
            "status = 200": {
                "name": "status = 200",
                "path": "::status = 200",
                "id": "5e90a7a0f7a18f344a4df4657c2138be",
                "passes": 151,
                "fails": 0
            }
        },
        "name": "",
        "path": "",
        "id": "d41d8cd98f00b204e9800998ecf8427e",
        "groups": {}
    }
}