{
    "root_group": {
        "name": "",
        "path": "",
        "id": "d41d8cd98f00b204e9800998ecf8427e",
        "groups": {},
        "checks": {
                "status = 200": {
                    "passes": 151,
                    "fails": 0,
                    "name": "status = 200",
                    "path": "::status = 200",
                    "id": "5e90a7a0f7a18f344a4df4657c2138be"
                }
            }
    },
    "metrics": {
        "vus": {
            "value": 3000,
            "min": 3000,
            "max": 3000
        },
        "http_req_waiting": {
            "p(90)": 54.795,
            "p(95)": 56.270799999999994,
            "avg": 51.35234768211922,
            "min": 45.4314,
            "med": 50.1305,
            "max": 117.2672
        },
        "data_sent": {
            "count": 119441,
            "rate": 23029.831653995643
        },
        "iteration_duration": {
            "avg": 182.93042516556287,
            "min": 174.2005,
            "med": 181.2305,
            "max": 249.8487,
            "p(90)": 187.3823,
            "p(95)": 192.16745
        },
        "http_reqs": {
            "count": 151,
            "rate": 29.114831420980583
        },
        "http_req_duration{expected_response:true}": {
            "min": 45.9707,
            "med": 50.6078,
            "max": 117.7233,
            "p(90)": 55.5922,
            "p(95)": 57.019400000000005,
            "avg": 51.96726423841058
        },
        "http_req_tls_handshaking": {
            "min": 83.7926,
            "med": 87.3444,
            "max": 112.3473,
            "p(90)": 90.6703,
            "p(95)": 92.90039999999999,
            "avg": 88.10909668874174
        },
        "http_req_blocked": {
            "min": 125.7934,
            "med": 129.4587,
            "max": 154.235,
            "p(90)": 133.7414,
            "p(95)": 135.44504999999998,
            "avg": 130.43054437086096
        },
        "data_received": {
            "rate": 166886.2137050607,
            "count": 865532
        },
        "http_req_receiving": {
            "min": 0,
            "med": 0,
            "max": 1.0479,
            "p(90)": 0.5487,
            "p(95)": 0.73325,
            "avg": 0.133394701986755
        },
        "http_req_failed": {
            "fails": 151,
            "passes": 0,
            "value": 0
        },
        "checks": {
            "passes": 151,
            "fails": 0,
            "value": 1
        },
        "iterations": {
            "rate": 29.114831420980583,
            "count": 151
        },
        "http_req_sending": {
            "avg": 0.4815218543046355,
            "min": 0,
            "med": 0.475,
            "max": 1.3127,
            "p(90)": 0.8985,
            "p(95)": 1.0283
        },
        "vus_max": {
            "max": 3000,
            "value": 3000,
            "min": 3000
        },
        "http_req_connecting": {
            "p(95)": 44.4804,
            "avg": 41.90388675496689,
            "min": 40.0622,
            "med": 41.7,
            "max": 48.3001,
            "p(90)": 43.376
        },
        "http_req_duration": {
            "p(95)": 57.019400000000005,
            "avg": 51.96726423841058,
            "min": 45.9707,
            "med": 50.6078,
            "max": 117.7233,
            "p(90)": 55.5922
        }
    }
}