{
    "metrics": {
        "iterations": {
            "count": 150,
            "rate": 29.073206644444916
        },
        "http_req_sending": {
            "med": 0.5282,
            "max": 1.1504,
            "p(90)": 0.95482,
            "p(95)": 1.0581699999999994,
            "avg": 0.5124133333333337,
            "min": 0
        },
        "http_req_duration": {
            "med": 50.669349999999994,
            "max": 91.4723,
            "p(90)": 55.8287,
            "p(95)": 57.11632499999999,
            "avg": 51.74749933333332,
            "min": 46.2615
        },
        "http_req_waiting": {
            "med": 50.1874,
            "max": 91.4471,
            "p(90)": 54.87862,
            "p(95)": 56.52786,
            "avg": 51.069618666666656,
            "min": 45.732
        },
        "vus": {
            "value": 3000,
            "min": 3000,
            "max": 3000
        },
        "vus_max": {
            "value": 3000,
            "min": 3000,
            "max": 3000
        },
        "http_req_duration{expected_response:true}": {
            "p(95)": 57.11632499999999,
            "avg": 51.74749933333332,
            "min": 46.2615,
            "med": 50.669349999999994,
            "max": 91.4723,
            "p(90)": 55.8287
        },
        "http_reqs": {
            "count": 150,
            "rate": 29.073206644444916
        },
        "checks": {
            "passes": 150,
            "fails": 0,
            "value": 1
        },
        "data_sent": {
            "count": 118650,
            "rate": 22996.90645575593
        },
        "http_req_blocked": {
            "p(90)": 135.27215999999999,
            "p(95)": 151.8264599999998,
            "avg": 132.4185813333333,
            "min": 126.2907,
            "med": 129.7089,
            "max": 189.5171
        },
        "http_req_connecting": {
            "p(95)": 44.36391999999999,
            "avg": 42.7607546666667,
            "min": 39.911,
            "med": 41.60215,
            "max": 97.0296,
            "p(90)": 43.79197
        },
        "data_received": {
            "count": 859800,
            "rate": 166647.62048595826
        },
        "iteration_duration": {
            "avg": 184.5517186666666,
            "min": 174.8274,
            "med": 181.30055,
            "max": 250.9461,
            "p(90)": 191.32952,
            "p(95)": 209.3093849999999
        },
        "http_req_receiving": {
            "avg": 0.1654673333333333,
            "min": 0,
            "med": 0,
            "max": 1.0667,
            "p(90)": 0.6664499999999999,
            "p(95)": 0.9664299999999997
        },
        "http_req_failed": {
            "passes": 0,
            "fails": 150,
            "value": 0
        },
        "http_req_tls_handshaking": {
            "avg": 89.17535199999993,
            "min": 82.6244,
            "med": 87.259,
            "max": 145.3888,
            "p(90)": 91.21862,
            "p(95)": 95.43765999999998
        }
    },
    "root_group": {
        "name": "",
        "path": "",
        "id": "d41d8cd98f00b204e9800998ecf8427e",
        "groups": {},
        "checks": {
                "status = 200": {
                    "passes": 150,
                    "fails": 0,
                    "name": "status = 200",
                    "path": "::status = 200",
                    "id": "5e90a7a0f7a18f344a4df4657c2138be"
                }
            }
    }
}