{
    "metrics": {
        "data_received": {
            "count": 865532,
            "rate": 166793.83704622986
        },
        "checks": {
            "passes": 151,
            "fails": 0,
            "value": 1
        },
        "vus_max": {
            "value": 3000,
            "min": 3000,
            "max": 3000
        },
        "http_req_connecting": {
            "avg": 71.76045960264901,
            "min": 40.1376,
            "med": 43.548,
            "max": 221.8454,
            "p(90)": 142.2894,
            "p(95)": 159.0231
        },
        "http_req_waiting": {
            "min": 46.1561,
            "med": 52.2624,
            "max": 174.8359,
            "p(90)": 122.5289,
            "p(95)": 157.30689999999998,
            "avg": 70.44088940397356
        },
        "http_req_duration{expected_response:true}": {
            "p(95)": 158.07909999999998,
            "avg": 70.97305695364237,
            "min": 46.998,
            "med": 52.83,
            "max": 174.8781,
            "p(90)": 123.0785
        },
        "http_req_blocked": {
            "p(90)": 326.0705,
            "p(95)": 359.40555,
            "avg": 204.73143973509934,
            "min": 124.9101,
            "med": 184.9509,
            "max": 505.7312
        },
        "iteration_duration": {
            "med": 258.7237,
            "max": 561.2435,
            "p(90)": 414.4502,
            "p(95)": 477.28585,
            "avg": 276.07297549668857,
            "min": 175.2454
        },
        "http_req_tls_handshaking": {
            "p(90)": 201.5087,
            "p(95)": 246.3144,
            "avg": 132.52325165562917,
            "min": 83.4681,
            "med": 92.5431,
            "max": 345.1147
        },
        "http_req_sending": {
            "max": 1.3837,
            "p(90)": 0.8122,
            "p(95)": 0.9435,
            "avg": 0.3770940397350994,
            "min": 0,
            "med": 0.3316
        },
        "http_req_duration": {
            "avg": 70.97305695364237,
            "min": 46.998,
            "med": 52.83,
            "max": 174.8781,
            "p(90)": 123.0785,
            "p(95)": 158.07909999999998
        },
        "http_req_receiving": {
            "avg": 0.1550735099337749,
            "min": 0,
            "med": 0,
            "max": 1.0123,
            "p(90)": 0.5294,
            "p(95)": 0.77895
        },
        "http_req_failed": {
            "passes": 0,
            "fails": 151,
            "value": 0
        },
        "http_reqs": {
            "count": 151,
            "rate": 29.098715465148267
        },
        "data_sent": {
            "rate": 23017.083932932277,
            "count": 119441
        },
        "vus": {
            "min": 3000,
            "max": 3000,
            "value": 3000
        },
        "iterations": {
            "count": 151,
            "rate": 29.098715465148267
        }
    },
    "root_group": {
        "id": "d41d8cd98f00b204e9800998ecf8427e",
        "groups": {},
        "checks": {
                "status = 200": {
                    "passes": 151,
                    "fails": 0,
                    "name": "status = 200",
                    "path": "::status = 200",
                    "id": "5e90a7a0f7a18f344a4df4657c2138be"
                }
            },
        "name": "",
        "path": ""
    }
}