{
    "root_group": {
        "name": "",
        "path": "",
        "id": "d41d8cd98f00b204e9800998ecf8427e",
        "groups": {},
        "checks": {
                "status = 200": {
                    "name": "status = 200",
                    "path": "::status = 200",
                    "id": "5e90a7a0f7a18f344a4df4657c2138be",
                    "passes": 150,
                    "fails": 0
                }
            }
    },
    "metrics": {
        "data_sent": {
            "count": 118650,
            "rate": 23027.09068807742
        },
        "iterations": {
            "count": 150,
            "rate": 29.11136623018637
        },
        "http_req_failed": {
            "passes": 0,
            "fails": 150,
            "value": 0
        },
        "vus_max": {
            "value": 3000,
            "min": 3000,
            "max": 3000
        },
        "checks": {
            "passes": 150,
            "fails": 0,
            "value": 1
        },
        "vus": {
            "max": 3000,
            "value": 3000,
            "min": 3000
        },
        "http_reqs": {
            "count": 150,
            "rate": 29.11136623018637
        },
        "http_req_tls_handshaking": {
            "p(95)": 93.49741499999999,
            "avg": 88.23608799999998,
            "min": 83.6326,
            "med": 87.5969,
            "max": 122.6056,
            "p(90)": 90.28305
        },
        "http_req_duration": {
            "avg": 51.69332799999999,
            "min": 46.1545,
            "med": 51.05445,
            "max": 62.6569,
            "p(90)": 56.666399999999996,
            "p(95)": 57.446545
        },
        "iteration_duration": {
            "max": 222.5503,
            "p(90)": 188.19433999999998,
            "p(95)": 191.26729,
            "avg": 182.915942,
            "min": 174.9368,
            "med": 181.6828
        },
        "http_req_duration{expected_response:true}": {
            "min": 46.1545,
            "med": 51.05445,
            "max": 62.6569,
            "p(90)": 56.666399999999996,
            "p(95)": 57.446545,
            "avg": 51.69332799999999
        },
        "http_req_blocked": {
            "max": 165.3572,
            "p(90)": 134.74336,
            "p(95)": 137.50261999999998,
            "avg": 130.90029933333338,
            "min": 124.6813,
            "med": 129.77145000000002
        },
        "http_req_connecting": {
            "min": 39.7357,
            "med": 41.7339,
            "max": 61.8051,
            "p(90)": 43.58271,
            "p(95)": 44.783345,
            "avg": 42.087002666666656
        },
        "http_req_waiting": {
            "avg": 50.99122933333336,
            "min": 45.4409,
            "med": 50.34075,
            "max": 60.9246,
            "p(90)": 55.41999,
            "p(95)": 56.398174999999995
        },
        "http_req_receiving": {
            "avg": 0.19314000000000006,
            "min": 0,
            "med": 0,
            "max": 1.4966,
            "p(90)": 0.7910999999999999,
            "p(95)": 0.897265
        },
        "data_received": {
            "count": 859800,
            "rate": 166866.35123142827
        },
        "http_req_sending": {
            "avg": 0.5089586666666664,
            "min": 0,
            "med": 0.5325,
            "max": 1.3071,
            "p(90)": 0.8955799999999999,
            "p(95)": 1.0418749999999997
        }
    }
}