{
    "metrics": {
        "http_req_failed": {
            "passes": 0,
            "fails": 151,
            "value": 0
        },
        "http_reqs": {
            "count": 151,
            "rate": 29.10144265680214
        },
        "vus": {
            "min": 3000,
            "max": 3000,
            "value": 3000
        },
        "vus_max": {
            "value": 3000,
            "min": 3000,
            "max": 3000
        },
        "http_req_duration{expected_response:true}": {
            "max": 89.1155,
            "p(90)": 55.7449,
            "p(95)": 57.70095,
            "avg": 51.59219999999999,
            "min": 46.5275,
            "med": 50.9403
        },
        "http_req_duration": {
            "avg": 51.59219999999999,
            "min": 46.5275,
            "med": 50.9403,
            "max": 89.1155,
            "p(90)": 55.7449,
            "p(95)": 57.70095
        },
        "http_req_blocked": {
            "avg": 132.26549006622523,
            "min": 125.4922,
            "med": 129.6342,
            "max": 185.5377,
            "p(90)": 134.9821,
            "p(95)": 152.32665
        },
        "http_req_tls_handshaking": {
            "p(95)": 99.5404,
            "avg": 89.02916688741722,
            "min": 84.1777,
            "med": 87.4266,
            "max": 143.7102,
            "p(90)": 91.4484
        },
        "http_req_receiving": {
            "p(90)": 0.7889,
            "p(95)": 0.9364,
            "avg": 0.19921788079470207,
            "min": 0,
            "med": 0,
            "max": 1.0503
        },
        "data_received": {
            "count": 865532,
            "rate": 166809.46930878988
        },
        "iterations": {
            "count": 151,
            "rate": 29.10144265680214
        },
        "data_sent": {
            "count": 119441,
            "rate": 23019.241141530492
        },
        "http_req_connecting": {
            "min": 39.6039,
            "med": 41.7006,
            "max": 89.1238,
            "p(90)": 43.934,
            "p(95)": 45.669399999999996,
            "avg": 42.706913907284736
        },
        "checks": {
            "passes": 151,
            "fails": 0,
            "value": 1
        },
        "iteration_duration": {
            "max": 237.1845,
            "p(90)": 192.6322,
            "p(95)": 206.33265,
            "avg": 184.24164172185428,
            "min": 172.2354,
            "med": 181.3765
        },
        "http_req_sending": {
            "med": 0.5184,
            "max": 1.2996,
            "p(90)": 0.9892,
            "p(95)": 1.0913,
            "avg": 0.5225582781456954,
            "min": 0
        },
        "http_req_waiting": {
            "avg": 50.870423841059576,
            "min": 45.8299,
            "med": 50.4227,
            "max": 87.607,
            "p(90)": 54.7998,
            "p(95)": 57.09275
        }
    },
    "root_group": {
        "checks": {
            "status = 200": {
                "path": "::status = 200",
                "id": "5e90a7a0f7a18f344a4df4657c2138be",
                "passes": 151,
                "fails": 0,
                "name": "status = 200"
            }
        },
        "name": "",
        "path": "",
        "id": "d41d8cd98f00b204e9800998ecf8427e",
        "groups": {}
    }
}