{
    "root_group": {
        "name": "",
        "path": "",
        "id": "d41d8cd98f00b204e9800998ecf8427e",
        "groups": {},
        "checks": {
                "status = 200": {
                    "name": "status = 200",
                    "path": "::status = 200",
                    "id": "5e90a7a0f7a18f344a4df4657c2138be",
                    "passes": 150,
                    "fails": 0
                }
            }
    },
    "metrics": {
        "checks": {
            "passes": 150,
            "fails": 0,
            "value": 1
        },
        "iterations": {
            "count": 150,
            "rate": 29.087128398845497
        },
        "vus_max": {
            "value": 3000,
            "min": 3000,
            "max": 3000
        },
        "http_reqs": {
            "count": 150,
            "rate": 29.087128398845497
        },
        "http_req_receiving": {
            "p(90)": 0.8058299999999994,
            "p(95)": 0.9916549999999995,
            "avg": 0.24519866666666662,
            "min": 0,
            "med": 0,
            "max": 2.4521
        },
        "data_received": {
            "count": 859800,
            "rate": 166727.4199821824
        },
        "vus": {
            "value": 3000,
            "min": 3000,
            "max": 3000
        },
        "http_req_waiting": {
            "p(95)": 55.74014,
            "avg": 50.13759933333335,
            "min": 46.0758,
            "med": 49.25975,
            "max": 65.2068,
            "p(90)": 54.12319
        },
        "http_req_duration{expected_response:true}": {
            "avg": 50.91281333333332,
            "min": 46.9105,
            "med": 49.9769,
            "max": 66.2396,
            "p(90)": 54.70332,
            "p(95)": 56.561485
        },
        "http_req_failed": {
            "passes": 0,
            "fails": 150,
            "value": 0
        },
        "data_sent": {
            "count": 118650,
            "rate": 23007.918563486786
        },
        "http_req_connecting": {
            "avg": 41.63465,
            "min": 39.8191,
            "med": 41.43715,
            "max": 45.4055,
            "p(90)": 42.85852,
            "p(95)": 43.762389999999996
        },
        "http_req_sending": {
            "med": 0.53315,
            "max": 1.5221,
            "p(90)": 0.9913199999999999,
            "p(95)": 1.113465,
            "avg": 0.5300153333333332,
            "min": 0
        },
        "http_req_duration": {
            "avg": 50.91281333333332,
            "min": 46.9105,
            "med": 49.9769,
            "max": 66.2396,
            "p(90)": 54.70332,
            "p(95)": 56.561485
        },
        "http_req_blocked": {
            "avg": 129.64016199999995,
            "min": 124.6196,
            "med": 129.10565,
            "max": 158.5126,
            "p(90)": 132.51048999999998,
            "p(95)": 134.01009
        },
        "http_req_tls_handshaking": {
            "min": 82.8579,
            "med": 86.9273,
            "max": 111.8461,
            "p(90)": 90.43216000000001,
            "p(95)": 91.22707,
            "avg": 87.39387333333333
        },
        "iteration_duration": {
            "avg": 180.83486266666674,
            "min": 172.7179,
            "med": 180.05955,
            "max": 210.3424,
            "p(90)": 185.41409000000002,
            "p(95)": 188.785485
        }
    }
}