{
    "root_group": {
        "groups": {},
        "checks": {
                "status = 200": {
                    "name": "status = 200",
                    "path": "::status = 200",
                    "id": "5e90a7a0f7a18f344a4df4657c2138be",
                    "passes": 150,
                    "fails": 0
                }
            },
        "name": "",
        "path": "",
        "id": "d41d8cd98f00b204e9800998ecf8427e"
    },
    "metrics": {
        "http_req_tls_handshaking": {
            "p(95)": 99.25972499999996,
            "avg": 99.48385066666667,
            "min": 83.0738,
            "med": 87.7009,
            "max": 637.6881,
            "p(90)": 93.96762
        },
        "iterations": {
            "count": 150,
            "rate": 29.00966851638115
        },
        "checks": {
            "fails": 0,
            "passes": 150,
            "value": 1
        },
        "vus_max": {
            "value": 3000,
            "min": 3000,
            "max": 3000
        },
        "data_received": {
            "count": 859800,
            "rate": 166283.41993589676
        },
        "vus": {
            "value": 3000,
            "min": 3000,
            "max": 3000
        },
        "http_req_duration{expected_response:true}": {
            "min": 46.8329,
            "med": 52.323350000000005,
            "max": 552.6202,
            "p(90)": 60.94126,
            "p(95)": 64.70983499999998,
            "avg": 57.13818466666666
        },
        "data_sent": {
            "count": 118650,
            "rate": 22946.647796457488
        },
        "http_req_duration": {
            "avg": 57.13818466666666,
            "min": 46.8329,
            "med": 52.323350000000005,
            "max": 552.6202,
            "p(90)": 60.94126,
            "p(95)": 64.70983499999998
        },
        "http_req_blocked": {
            "p(90)": 264.5682599999998,
            "p(95)": 516.6365149999992,
            "avg": 175.4703813333333,
            "min": 124.4285,
            "med": 130.31055,
            "max": 1142.9088
        },
        "iteration_duration": {
            "avg": 232.7007613333333,
            "min": 172.207,
            "med": 183.1757,
            "max": 1192.1278,
            "p(90)": 369.80651999999986,
            "p(95)": 609.5872199999994
        },
        "http_req_waiting": {
            "avg": 56.40510266666666,
            "min": 46.3993,
            "med": 51.6024,
            "max": 551.8343,
            "p(90)": 60.26224,
            "p(95)": 64.28276999999999
        },
        "http_req_receiving": {
            "p(90)": 0.90452,
            "p(95)": 0.9786649999999995,
            "avg": 0.2914206666666666,
            "min": 0,
            "med": 0.1079,
            "max": 2.9708
        },
        "http_reqs": {
            "count": 150,
            "rate": 29.00966851638115
        },
        "http_req_connecting": {
            "p(95)": 321.6820099999995,
            "avg": 75.55077666666668,
            "min": 39.3928,
            "med": 41.706,
            "max": 1052.0099,
            "p(90)": 97.61375999999996
        },
        "http_req_sending": {
            "avg": 0.44166133333333363,
            "min": 0,
            "med": 0.47315,
            "max": 1.1586,
            "p(90)": 0.878,
            "p(95)": 0.9825999999999998
        },
        "http_req_failed": {
            "passes": 0,
            "fails": 150,
            "value": 0
        }
    }
}