{
    "root_group": {
        "checks": {
            "status = 200": {
                "path": "::status = 200",
                "id": "5e90a7a0f7a18f344a4df4657c2138be",
                "passes": 151,
                "fails": 0,
                "name": "status = 200"
            }
        },
        "name": "",
        "path": "",
        "id": "d41d8cd98f00b204e9800998ecf8427e",
        "groups": {}
    },
    "metrics": {
        "vus_max": {
            "value": 3000,
            "min": 3000,
            "max": 3000
        },
        "data_received": {
            "count": 865532,
            "rate": 166959.51498154033
        },
        "vus": {
            "min": 3000,
            "max": 3000,
            "value": 3000
        },
        "checks": {
            "passes": 151,
            "fails": 0,
            "value": 1
        },
        "http_req_receiving": {
            "max": 1.1966,
            "p(90)": 0.789,
            "p(95)": 0.96995,
            "avg": 0.21655364238410593,
            "min": 0,
            "med": 0
        },
        "http_reqs": {
            "count": 151,
            "rate": 29.12761950131548
        },
        "data_sent": {
            "count": 119441,
            "rate": 23039.947025540547
        },
        "http_req_sending": {
            "med": 0.4943,
            "max": 1.5412,
            "p(90)": 0.9239,
            "p(95)": 1.0346,
            "avg": 0.48297682119205293,
            "min": 0
        },
        "iterations": {
            "count": 151,
            "rate": 29.12761950131548
        },
        "http_req_blocked": {
            "p(90)": 133.1734,
            "p(95)": 133.93560000000002,
            "avg": 129.42939139072848,
            "min": 123.928,
            "med": 129.0463,
            "max": 160.5456
        },
        "http_req_tls_handshaking": {
            "avg": 87.18483576158938,
            "min": 82.9447,
            "med": 86.5057,
            "max": 118.8753,
            "p(90)": 89.4675,
            "p(95)": 90.16
        },
        "iteration_duration": {
            "avg": 181.2103682119205,
            "min": 171.4337,
            "med": 180.4409,
            "max": 221.9056,
            "p(90)": 186.4742,
            "p(95)": 188.75985
        },
        "http_req_connecting": {
            "avg": 41.8157284768212,
            "min": 39.8444,
            "med": 41.5468,
            "max": 47.6626,
            "p(90)": 43.3573,
            "p(95)": 44.377849999999995
        },
        "http_req_duration{expected_response:true}": {
            "med": 51.1932,
            "max": 64.5459,
            "p(90)": 55.4386,
            "p(95)": 57.5524,
            "avg": 51.473847019867534,
            "min": 46.6703
        },
        "http_req_waiting": {
            "p(90)": 54.9105,
            "p(95)": 57.11065,
            "avg": 50.77431655629139,
            "min": 45.4078,
            "med": 50.3133,
            "max": 63.8068
        },
        "http_req_failed": {
            "passes": 0,
            "fails": 151,
            "value": 0
        },
        "http_req_duration": {
            "avg": 51.473847019867534,
            "min": 46.6703,
            "med": 51.1932,
            "max": 64.5459,
            "p(90)": 55.4386,
            "p(95)": 57.5524
        }
    }
}