{
    "root_group": {
        "name": "",
        "path": "",
        "id": "d41d8cd98f00b204e9800998ecf8427e",
        "groups": {},
        "checks": {
                "status = 200": {
                    "id": "5e90a7a0f7a18f344a4df4657c2138be",
                    "passes": 30,
                    "fails": 0,
                    "name": "status = 200",
                    "path": "::status = 200"
                }
            }
    },
    "metrics": {
        "vus_max": {
            "value": 3000,
            "min": 3000,
            "max": 3000
        },
        "iterations": {
            "count": 30,
            "rate": 0.9997419732616477
        },
        "vus": {
            "max": 3000,
            "value": 3000,
            "min": 3000
        },
        "http_req_blocked": {
            "p(95)": 270.89119999999957,
            "avg": 179.69750000000002,
            "min": 121.9264,
            "med": 128.1036,
            "max": 1351.9977,
            "p(90)": 177.24528
        },
        "http_reqs": {
            "count": 30,
            "rate": 0.9997419732616477
        },
        "http_req_receiving": {
            "p(90)": 0.7718700000000002,
            "p(95)": 0.9322399999999996,
            "avg": 0.20935333333333334,
            "min": 0,
            "med": 0,
            "max": 1.0191
        },
        "data_received": {
            "count": 171960,
            "rate": 5730.520990735765
        },
        "http_req_duration{expected_response:true}": {
            "med": 50.46575,
            "max": 79.0861,
            "p(90)": 55.36551,
            "p(95)": 69.01856499999994,
            "avg": 52.47785,
            "min": 46.6378
        },
        "http_req_connecting": {
            "p(90)": 53.71563000000003,
            "p(95)": 121.46328999999974,
            "avg": 83.94575000000002,
            "min": 38.6835,
            "med": 40.3916,
            "max": 1172.8039
        },
        "iteration_duration": {
            "avg": 232.53823999999997,
            "min": 168.8342,
            "med": 179.6848,
            "max": 1431.1221,
            "p(90)": 229.10756000000003,
            "p(95)": 337.4402449999995
        },
        "http_req_tls_handshaking": {
            "med": 87.0019,
            "max": 178.5986,
            "p(90)": 106.10143000000005,
            "p(95)": 161.7157249999999,
            "avg": 94.74432999999999,
            "min": 82.3186
        },
        "http_req_waiting": {
            "min": 45.4178,
            "med": 49.67175,
            "max": 78.3731,
            "p(90)": 54.47376,
            "p(95)": 67.86223999999993,
            "avg": 51.62454666666666
        },
        "checks": {
            "passes": 30,
            "fails": 0,
            "value": 1
        },
        "http_req_duration": {
            "avg": 52.47785,
            "min": 46.6378,
            "med": 50.46575,
            "max": 79.0861,
            "p(90)": 55.36551,
            "p(95)": 69.01856499999994
        },
        "data_sent": {
            "count": 23730,
            "rate": 790.7959008499633
        },
        "http_req_sending": {
            "p(95)": 1.0526749999999998,
            "avg": 0.6439499999999999,
            "min": 0,
            "med": 0.65245,
            "max": 1.1937,
            "p(90)": 0.9337400000000002
        },
        "http_req_failed": {
            "passes": 0,
            "fails": 30,
            "value": 0
        }
    }
}