{
    "root_group": {
        "name": "",
        "path": "",
        "id": "d41d8cd98f00b204e9800998ecf8427e",
        "groups": {},
        "checks": {
                "status = 200": {
                    "name": "status = 200",
                    "path": "::status = 200",
                    "id": "5e90a7a0f7a18f344a4df4657c2138be",
                    "passes": 241,
                    "fails": 0
                }
            }
    },
    "metrics": {
        "http_req_blocked": {
            "min": 120.7291,
            "med": 124.6349,
            "max": 1136.2638,
            "p(90)": 129.8862,
            "p(95)": 134.4803,
            "avg": 131.92476473029038
        },
        "http_req_tls_handshaking": {
            "avg": 86.31819626556016,
            "min": 80.3642,
            "med": 83.5563,
            "max": 456.5088,
            "p(90)": 87.7381,
            "p(95)": 89.8211
        },
        "iteration_duration": {
            "max": 1184.556,
            "p(90)": 182.1077,
            "p(95)": 190.9734,
            "avg": 183.26559668049782,
            "min": 168.2699,
            "med": 175.0207
        },
        "http_reqs": {
            "rate": 7.986585929109632,
            "count": 241
        },
        "vus": {
            "value": 3000,
            "min": 3000,
            "max": 3000
        },
        "http_req_waiting": {
            "p(95)": 54.3164,
            "avg": 50.48704730290457,
            "min": 45.5352,
            "med": 48.8328,
            "max": 284.6863,
            "p(90)": 52.4429
        },
        "http_req_failed": {
            "passes": 0,
            "fails": 241,
            "value": 0
        },
        "data_received": {
            "count": 1381412,
            "rate": 45779.11054565641
        },
        "http_req_connecting": {
            "avg": 45.13250954356845,
            "min": 38.4507,
            "med": 40.4891,
            "max": 1048.9526,
            "p(90)": 42.0759,
            "p(95)": 43.1418
        },
        "checks": {
            "passes": 241,
            "fails": 0,
            "value": 1
        },
        "http_req_sending": {
            "max": 1.1259,
            "p(90)": 0.9326,
            "p(95)": 1.0045,
            "avg": 0.4476356846473028,
            "min": 0,
            "med": 0.3874
        },
        "iterations": {
            "count": 241,
            "rate": 7.986585929109632
        },
        "http_req_duration": {
            "p(90)": 53.4088,
            "p(95)": 55.458,
            "avg": 51.357974273858915,
            "min": 45.9132,
            "med": 49.7176,
            "max": 285.886
        },
        "data_sent": {
            "rate": 6317.389469925719,
            "count": 190631
        },
        "http_req_receiving": {
            "avg": 0.4232912863070537,
            "min": 0,
            "med": 0.3799,
            "max": 1.073,
            "p(90)": 0.8987,
            "p(95)": 0.9656
        },
        "http_req_duration{expected_response:true}": {
            "avg": 51.357974273858915,
            "min": 45.9132,
            "med": 49.7176,
            "max": 285.886,
            "p(90)": 53.4088,
            "p(95)": 55.458
        },
        "vus_max": {
            "value": 3000,
            "min": 3000,
            "max": 3000
        }
    }
}