{
    "root_group": {
        "path": "",
        "id": "d41d8cd98f00b204e9800998ecf8427e",
        "groups": {},
        "checks": {
                "status = 200": {
                    "passes": 60,
                    "fails": 0,
                    "name": "status = 200",
                    "path": "::status = 200",
                    "id": "5e90a7a0f7a18f344a4df4657c2138be"
                }
            },
        "name": ""
    },
    "metrics": {
        "iteration_duration": {
            "avg": 179.75461666666664,
            "min": 170.5518,
            "med": 176.5771,
            "max": 247.2374,
            "p(90)": 184.55175,
            "p(95)": 188.11172499999998
        },
        "http_req_waiting": {
            "avg": 48.329629999999995,
            "min": 44.5544,
            "med": 48.247600000000006,
            "max": 58.3123,
            "p(90)": 50.38452,
            "p(95)": 50.94661
        },
        "http_reqs": {
            "count": 60,
            "rate": 1.9988171732868119
        },
        "vus_max": {
            "min": 3000,
            "max": 3000,
            "value": 3000
        },
        "http_req_duration": {
            "p(95)": 51.560294999999996,
            "avg": 49.07108666666668,
            "min": 44.9868,
            "med": 48.947100000000006,
            "max": 58.8909,
            "p(90)": 51.24752
        },
        "http_req_duration{expected_response:true}": {
            "p(95)": 51.560294999999996,
            "avg": 49.07108666666668,
            "min": 44.9868,
            "med": 48.947100000000006,
            "max": 58.8909,
            "p(90)": 51.24752
        },
        "http_req_connecting": {
            "avg": 40.92805833333335,
            "min": 38.819,
            "med": 40.541399999999996,
            "max": 46.2249,
            "p(90)": 42.16679,
            "p(95)": 44.604095
        },
        "data_received": {
            "count": 343920,
            "rate": 11457.220037280005
        },
        "http_req_failed": {
            "passes": 0,
            "fails": 60,
            "value": 0
        },
        "http_req_blocked": {
            "p(95)": 138.77496999999997,
            "avg": 130.18156333333332,
            "min": 123.5364,
            "med": 127.85215,
            "max": 187.353,
            "p(90)": 132.63226
        },
        "http_req_tls_handshaking": {
            "p(90)": 89.66087,
            "p(95)": 97.00173999999998,
            "avg": 88.47282500000001,
            "min": 82.0762,
            "med": 86.13155,
            "max": 146.4095
        },
        "checks": {
            "passes": 60,
            "fails": 0,
            "value": 1
        },
        "data_sent": {
            "count": 47460,
            "rate": 1581.064384069868
        },
        "http_req_receiving": {
            "avg": 0.11083333333333335,
            "min": 0,
            "med": 0,
            "max": 1.0075,
            "p(90)": 0.5015000000000002,
            "p(95)": 0.69502
        },
        "iterations": {
            "rate": 1.9988171732868119,
            "count": 60
        },
        "http_req_sending": {
            "p(95)": 1.04145,
            "avg": 0.6306233333333335,
            "min": 0.1654,
            "med": 0.5844,
            "max": 1.2081,
            "p(90)": 1.0095800000000001
        },
        "vus": {
            "value": 3000,
            "min": 3000,
            "max": 3000
        }
    }
}