{
    "root_group": {
        "path": "",
        "id": "d41d8cd98f00b204e9800998ecf8427e",
        "groups": {},
        "checks": {
                "status = 200": {
                    "fails": 0,
                    "name": "status = 200",
                    "path": "::status = 200",
                    "id": "5e90a7a0f7a18f344a4df4657c2138be",
                    "passes": 961
                }
            },
        "name": ""
    },
    "metrics": {
        "vus": {
            "value": 3000,
            "min": 3000,
            "max": 3000
        },
        "http_req_duration{expected_response:true}": {
            "avg": 148.6827490114464,
            "min": 45.5738,
            "med": 51.5534,
            "max": 2017.1856,
            "p(90)": 356.8505,
            "p(95)": 849.6898
        },
        "http_req_receiving": {
            "p(90)": 0.6172,
            "p(95)": 0.9334,
            "avg": 0.15603756503642038,
            "min": 0,
            "med": 0,
            "max": 2.3759
        },
        "http_reqs": {
            "count": 961,
            "rate": 31.820268106188664
        },
        "http_req_sending": {
            "p(95)": 1.0804,
            "avg": 0.5660873048907389,
            "min": 0,
            "med": 0.562,
            "max": 1.4221,
            "p(90)": 0.9726
        },
        "http_req_waiting": {
            "p(95)": 849.1049,
            "avg": 147.96062414151913,
            "min": 45.1318,
            "med": 50.8797,
            "max": 2016.4382,
            "p(90)": 356.1028
        },
        "http_req_failed": {
            "passes": 0,
            "fails": 961,
            "value": 0
        },
        "data_received": {
            "count": 5508452,
            "rate": 182393.77678467342
        },
        "http_req_connecting": {
            "med": 41.8951,
            "max": 99.1969,
            "p(90)": 43.9993,
            "p(95)": 45.6144,
            "avg": 42.709222476586895,
            "min": 39.479
        },
        "data_sent": {
            "count": 760151,
            "rate": 25169.83207199523
        },
        "vus_max": {
            "value": 3000,
            "min": 3000,
            "max": 3000
        },
        "iteration_duration": {
            "p(90)": 489.8142,
            "p(95)": 985.1245,
            "avg": 282.35694401664927,
            "min": 173.5586,
            "med": 184.409,
            "max": 2147.0325
        },
        "checks": {
            "passes": 961,
            "fails": 0,
            "value": 1
        },
        "iterations": {
            "count": 961,
            "rate": 31.820268106188664
        },
        "http_req_duration": {
            "med": 51.5534,
            "max": 2017.1856,
            "p(90)": 356.8505,
            "p(95)": 849.6898,
            "avg": 148.6827490114464,
            "min": 45.5738
        },
        "http_req_blocked": {
            "p(90)": 136.9917,
            "p(95)": 141.2103,
            "avg": 133.2879640998961,
            "min": 124.9656,
            "med": 131.5037,
            "max": 196.8007
        },
        "http_req_tls_handshaking": {
            "med": 88.8084,
            "max": 153.006,
            "p(90)": 92.5026,
            "p(95)": 95.1391,
            "avg": 89.90713048907381,
            "min": 83.8829
        }
    }
}