{
    "metrics": {
        "http_req_blocked": {
            "p(95)": 141.58962,
            "avg": 133.90431942708327,
            "min": 124.6676,
            "med": 132.35174999999998,
            "max": 229.8131,
            "p(90)": 137.90276
        },
        "iteration_duration": {
            "min": 173.4001,
            "med": 183.59625,
            "max": 1160.9585,
            "p(90)": 192.68061,
            "p(95)": 217.66562499999992,
            "avg": 202.49499838541607
        },
        "checks": {
            "passes": 1920,
            "fails": 0,
            "value": 1
        },
        "http_req_failed": {
            "fails": 1920,
            "passes": 0,
            "value": 0
        },
        "iterations": {
            "count": 1920,
            "rate": 63.620697009601585
        },
        "vus_max": {
            "min": 3000,
            "max": 3000,
            "value": 3000
        },
        "http_req_connecting": {
            "avg": 42.96890187499994,
            "min": 39.7378,
            "med": 42.321,
            "max": 101.7457,
            "p(90)": 44.87973,
            "p(95)": 46.417514999999995
        },
        "http_req_sending": {
            "min": 0,
            "med": 0.4998,
            "max": 1.5934,
            "p(90)": 0.8987700000000007,
            "p(95)": 1.01701,
            "avg": 0.4658389583333335
        },
        "http_req_waiting": {
            "p(95)": 57.73713999999998,
            "avg": 67.62326854166675,
            "min": 44.7599,
            "med": 49.8174,
            "max": 1029.096,
            "p(90)": 53.65306
        },
        "vus": {
            "value": 3000,
            "min": 3000,
            "max": 3000
        },
        "data_received": {
            "count": 11005440,
            "rate": 364673.8352590363
        },
        "http_req_tls_handshaking": {
            "med": 89.33805000000001,
            "max": 147.1159,
            "p(90)": 93.32879000000001,
            "p(95)": 95.61829,
            "avg": 90.27665104166663,
            "min": 83.6264
        },
        "http_req_duration{expected_response:true}": {
            "avg": 68.27266052083337,
            "min": 45.3945,
            "med": 50.43785,
            "max": 1029.4582,
            "p(90)": 54.29719,
            "p(95)": 58.979879999999994
        },
        "http_req_receiving": {
            "avg": 0.18355302083333344,
            "min": 0,
            "med": 0,
            "max": 6.3065,
            "p(90)": 0.6132400000000003,
            "p(95)": 0.913305
        },
        "data_sent": {
            "rate": 50323.971334594855,
            "count": 1518720
        },
        "http_reqs": {
            "count": 1920,
            "rate": 63.620697009601585
        },
        "http_req_duration": {
            "avg": 68.27266052083337,
            "min": 45.3945,
            "med": 50.43785,
            "max": 1029.4582,
            "p(90)": 54.29719,
            "p(95)": 58.979879999999994
        }
    },
    "root_group": {
        "name": "",
        "path": "",
        "id": "d41d8cd98f00b204e9800998ecf8427e",
        "groups": {},
        "checks": {
                "status = 200": {
                    "name": "status = 200",
                    "path": "::status = 200",
                    "id": "5e90a7a0f7a18f344a4df4657c2138be",
                    "passes": 1920,
                    "fails": 0
                }
            }
    }
}