{
    "root_group": {
        "path": "",
        "id": "d41d8cd98f00b204e9800998ecf8427e",
        "groups": {},
        "checks": {
                "status = 200": {
                    "name": "status = 200",
                    "path": "::status = 200",
                    "id": "5e90a7a0f7a18f344a4df4657c2138be",
                    "passes": 240,
                    "fails": 0
                }
            },
        "name": ""
    },
    "metrics": {
        "http_req_receiving": {
            "p(95)": 0.9384749999999996,
            "avg": 0.15220958333333334,
            "min": 0,
            "med": 0,
            "max": 1.2175,
            "p(90)": 0.6721999999999999
        },
        "checks": {
            "passes": 240,
            "fails": 0,
            "value": 1
        },
        "data_sent": {
            "count": 189840,
            "rate": 6316.173092208302
        },
        "http_req_connecting": {
            "p(90)": 43.42096,
            "p(95)": 44.694225,
            "avg": 41.436305833333336,
            "min": 38.9877,
            "med": 40.5912,
            "max": 79.5256
        },
        "vus_max": {
            "min": 3000,
            "max": 3000,
            "value": 3000
        },
        "iteration_duration": {
            "p(90)": 621.27752,
            "p(95)": 1254.837589999998,
            "avg": 304.4523095833334,
            "min": 170.0964,
            "med": 178.19045,
            "max": 1992.5395
        },
        "http_req_failed": {
            "passes": 0,
            "fails": 240,
            "value": 0
        },
        "http_req_duration": {
            "p(95)": 1125.556449999998,
            "avg": 174.79149375,
            "min": 44.9098,
            "med": 49.39815,
            "max": 1864.0346,
            "p(90)": 495.0512
        },
        "vus": {
            "value": 3000,
            "min": 3000,
            "max": 3000
        },
        "http_req_duration{expected_response:true}": {
            "max": 1864.0346,
            "p(90)": 495.0512,
            "p(95)": 1125.556449999998,
            "avg": 174.79149375,
            "min": 44.9098,
            "med": 49.39815
        },
        "http_req_sending": {
            "p(95)": 1.11837,
            "avg": 0.56928875,
            "min": 0,
            "med": 0.5559499999999999,
            "max": 1.4909,
            "p(90)": 0.98359
        },
        "http_req_waiting": {
            "med": 48.742149999999995,
            "max": 1862.9136,
            "p(90)": 493.91489,
            "p(95)": 1124.780609999998,
            "avg": 174.0699954166667,
            "min": 43.9556
        },
        "iterations": {
            "count": 240,
            "rate": 7.98504815702693
        },
        "http_reqs": {
            "count": 240,
            "rate": 7.98504815702693
        },
        "http_req_blocked": {
            "avg": 129.07120291666666,
            "min": 123.0036,
            "med": 127.22335000000001,
            "max": 172.1434,
            "p(90)": 134.40491,
            "p(95)": 138.060005
        },
        "http_req_tls_handshaking": {
            "avg": 87.03031416666664,
            "min": 81.4532,
            "med": 85.76345,
            "max": 124.5764,
            "p(90)": 91.08877999999999,
            "p(95)": 93.972425
        },
        "data_received": {
            "count": 1375680,
            "rate": 45770.29603607836
        }
    }
}