{
    "metrics": {
        "vus": {
            "min": 3000,
            "max": 3000,
            "value": 3000
        },
        "http_req_connecting": {
            "p(90)": 42.7311,
            "p(95)": 43.09465,
            "avg": 41.555229032258055,
            "min": 39.4572,
            "med": 40.7565,
            "max": 62.6682
        },
        "http_req_waiting": {
            "avg": 150.52086774193546,
            "min": 44.2875,
            "med": 50.6634,
            "max": 2070.9927,
            "p(90)": 78.9371,
            "p(95)": 578.2146
        },
        "http_req_duration{expected_response:true}": {
            "med": 51.1447,
            "max": 2071.6048,
            "p(90)": 80.8204,
            "p(95)": 579.0257,
            "avg": 151.43547741935487,
            "min": 46.183
        },
        "data_sent": {
            "rate": 812.2508697214032,
            "count": 24521
        },
        "data_received": {
            "count": 177692,
            "rate": 5885.994924453961
        },
        "iterations": {
            "count": 31,
            "rate": 1.0268658277135314
        },
        "http_req_receiving": {
            "avg": 0.2503064516129032,
            "min": 0,
            "med": 0,
            "max": 1.1268,
            "p(90)": 0.9955,
            "p(95)": 1.0725500000000001
        },
        "http_req_duration": {
            "max": 2071.6048,
            "p(90)": 80.8204,
            "p(95)": 579.0257,
            "avg": 151.43547741935487,
            "min": 46.183,
            "med": 51.1447
        },
        "http_req_tls_handshaking": {
            "p(90)": 87.5045,
            "p(95)": 90.76715,
            "avg": 86.30182903225806,
            "min": 81.5744,
            "med": 85.2893,
            "max": 108.4943
        },
        "iteration_duration": {
            "p(90)": 206.4965,
            "p(95)": 728.9165499999999,
            "avg": 281.8628516129032,
            "min": 173.614,
            "med": 179.2479,
            "max": 2200.1359
        },
        "http_req_failed": {
            "passes": 0,
            "fails": 31,
            "value": 0
        },
        "http_req_sending": {
            "p(95)": 1.1265,
            "avg": 0.6643032258064515,
            "min": 0.1559,
            "med": 0.662,
            "max": 1.2123,
            "p(90)": 1.0067
        },
        "checks": {
            "passes": 31,
            "fails": 0,
            "value": 1
        },
        "vus_max": {
            "max": 3000,
            "value": 3000,
            "min": 3000
        },
        "http_reqs": {
            "count": 31,
            "rate": 1.0268658277135314
        },
        "http_req_blocked": {
            "p(90)": 130.5426,
            "p(95)": 141.36345,
            "avg": 130.0630548387097,
            "min": 121.7164,
            "med": 127.1447,
            "max": 196.3355
        }
    },
    "root_group": {
        "name": "",
        "path": "",
        "id": "d41d8cd98f00b204e9800998ecf8427e",
        "groups": {},
        "checks": {
                "status = 200": {
                    "fails": 0,
                    "name": "status = 200",
                    "path": "::status = 200",
                    "id": "5e90a7a0f7a18f344a4df4657c2138be",
                    "passes": 31
                }
            }
    }
}