{
    "root_group": {
        "name": "",
        "path": "",
        "id": "d41d8cd98f00b204e9800998ecf8427e",
        "groups": {},
        "checks": {
                "status = 200": {
                    "fails": 0,
                    "name": "status = 200",
                    "path": "::status = 200",
                    "id": "5e90a7a0f7a18f344a4df4657c2138be",
                    "passes": 1920
                }
            }
    },
    "metrics": {
        "iteration_duration": {
            "max": 1205.8372,
            "p(90)": 293.16068000000047,
            "p(95)": 696.3092499999997,
            "avg": 237.22062442708346,
            "min": 170.6116,
            "med": 182.21744999999999
        },
        "iterations": {
            "rate": 63.64478635484421,
            "count": 1920
        },
        "http_req_duration": {
            "p(95)": 550.77968,
            "avg": 102.13844838541654,
            "min": 45.5092,
            "med": 51.0276,
            "max": 1042.9354,
            "p(90)": 106.88925000000026
        },
        "vus": {
            "value": 3000,
            "min": 3000,
            "max": 3000
        },
        "http_reqs": {
            "rate": 63.64478635484421,
            "count": 1920
        },
        "checks": {
            "passes": 1920,
            "fails": 0,
            "value": 1
        },
        "http_req_receiving": {
            "p(90)": 0.6712,
            "p(95)": 0.9060050000000001,
            "avg": 0.18959187499999994,
            "min": 0,
            "med": 0,
            "max": 3.6796
        },
        "http_req_waiting": {
            "avg": 101.56490151041656,
            "min": 44.9318,
            "med": 50.474000000000004,
            "max": 1042.5157,
            "p(90)": 105.86265000000033,
            "p(95)": 549.9644099999999
        },
        "http_req_blocked": {
            "avg": 134.85905031249985,
            "min": 123.1635,
            "med": 130.24965,
            "max": 1149.7414,
            "p(90)": 139.41972,
            "p(95)": 148.03338499999998
        },
        "http_req_failed": {
            "passes": 0,
            "fails": 1920,
            "value": 0
        },
        "http_req_tls_handshaking": {
            "avg": 89.63157177083319,
            "min": 82.4726,
            "med": 87.59305,
            "max": 480.1775,
            "p(90)": 93.60147,
            "p(95)": 97.81757499999999
        },
        "http_req_sending": {
            "max": 1.5454,
            "p(90)": 0.85522,
            "p(95)": 0.968965,
            "avg": 0.3839549999999999,
            "min": 0,
            "med": 0.36385
        },
        "data_sent": {
            "count": 1518720,
            "rate": 50343.02600668177
        },
        "vus_max": {
            "value": 3000,
            "min": 3000,
            "max": 3000
        },
        "http_req_connecting": {
            "avg": 44.80575958333324,
            "min": 39.3,
            "med": 41.845,
            "max": 1054.5648,
            "p(90)": 45.34603,
            "p(95)": 48.6616
        },
        "http_req_duration{expected_response:true}": {
            "med": 51.0276,
            "max": 1042.9354,
            "p(90)": 106.88925000000026,
            "p(95)": 550.77968,
            "avg": 102.13844838541654,
            "min": 45.5092
        },
        "data_received": {
            "count": 11005440,
            "rate": 364811.915385967
        }
    }
}