{
    "root_group": {
        "checks": {
            "status = 200": {
                "name": "status = 200",
                "path": "::status = 200",
                "id": "5e90a7a0f7a18f344a4df4657c2138be",
                "passes": 961,
                "fails": 0
            }
        },
        "name": "",
        "path": "",
        "id": "d41d8cd98f00b204e9800998ecf8427e",
        "groups": {}
    },
    "metrics": {
        "http_req_connecting": {
            "max": 94.6358,
            "p(90)": 42.9801,
            "p(95)": 45.9523,
            "avg": 41.22480208116549,
            "min": 38.5838,
            "med": 40.34
        },
        "http_req_waiting": {
            "avg": 62.654848387096756,
            "min": 43.2804,
            "med": 48.609,
            "max": 921.8938,
            "p(90)": 52.8271,
            "p(95)": 59.3668
        },
        "http_req_duration{expected_response:true}": {
            "min": 44.4215,
            "med": 49.471,
            "max": 921.9658,
            "p(90)": 53.5574,
            "p(95)": 59.8878,
            "avg": 63.48225837669092
        },
        "http_req_blocked": {
            "avg": 126.9585483870969,
            "min": 119.7408,
            "med": 124.4328,
            "max": 296.0893,
            "p(90)": 132.336,
            "p(95)": 137.8115
        },
        "http_reqs": {
            "count": 961,
            "rate": 31.840797022132033
        },
        "http_req_sending": {
            "min": 0,
            "med": 0.4121,
            "max": 1.2857,
            "p(90)": 0.886,
            "p(95)": 0.9878,
            "avg": 0.4203649323621227
        },
        "data_sent": {
            "rate": 25186.070444506437,
            "count": 760151
        },
        "http_req_duration": {
            "med": 49.471,
            "max": 921.9658,
            "p(90)": 53.5574,
            "p(95)": 59.8878,
            "avg": 63.48225837669092,
            "min": 44.4215
        },
        "vus_max": {
            "value": 3000,
            "min": 3000,
            "max": 3000
        },
        "http_req_failed": {
            "passes": 0,
            "fails": 961,
            "value": 0
        },
        "vus": {
            "value": 3000,
            "min": 3000,
            "max": 3000
        },
        "checks": {
            "passes": 961,
            "fails": 0,
            "value": 1
        },
        "data_received": {
            "count": 5508452,
            "rate": 182511.4485308608
        },
        "iteration_duration": {
            "avg": 190.3833233090532,
            "min": 166.6098,
            "med": 174.3957,
            "max": 1047.0332,
            "p(90)": 186.6877,
            "p(95)": 204.5323
        },
        "iterations": {
            "count": 961,
            "rate": 31.840797022132033
        },
        "http_req_tls_handshaking": {
            "p(95)": 92.6509,
            "avg": 85.19988137356911,
            "min": 79.7673,
            "med": 83.4418,
            "max": 254.1241,
            "p(90)": 88.6434
        },
        "http_req_receiving": {
            "avg": 0.4070450572320495,
            "min": 0,
            "med": 0.3512,
            "max": 5.0603,
            "p(90)": 0.8838,
            "p(95)": 0.9719
        }
    }
}