{
    "root_group": {
        "name": "",
        "path": "",
        "id": "d41d8cd98f00b204e9800998ecf8427e",
        "groups": {},
        "checks": {
                "status = 200": {
                    "name": "status = 200",
                    "path": "::status = 200",
                    "id": "5e90a7a0f7a18f344a4df4657c2138be",
                    "passes": 61,
                    "fails": 0
                }
            }
    },
    "metrics": {
        "http_req_duration{expected_response:true}": {
            "max": 56.729,
            "p(90)": 52.9588,
            "p(95)": 54.3546,
            "avg": 49.9281180327869,
            "min": 45.6657,
            "med": 49.8321
        },
        "http_req_failed": {
            "passes": 0,
            "fails": 61,
            "value": 0
        },
        "http_req_receiving": {
            "med": 0,
            "max": 1.2107,
            "p(90)": 0.8939,
            "p(95)": 1.0005,
            "avg": 0.2055262295081967,
            "min": 0
        },
        "iteration_duration": {
            "min": 169.0502,
            "med": 178.1212,
            "max": 234.4579,
            "p(90)": 182.643,
            "p(95)": 196.2231,
            "avg": 180.499637704918
        },
        "http_req_sending": {
            "avg": 0.6897770491803278,
            "min": 0.2908,
            "med": 0.6373,
            "max": 1.3295,
            "p(90)": 1.0269,
            "p(95)": 1.1456
        },
        "data_sent": {
            "count": 48251,
            "rate": 1597.856594478448
        },
        "checks": {
            "passes": 61,
            "fails": 0,
            "value": 1
        },
        "http_req_duration": {
            "max": 56.729,
            "p(90)": 52.9588,
            "p(95)": 54.3546,
            "avg": 49.9281180327869,
            "min": 45.6657,
            "med": 49.8321
        },
        "http_req_connecting": {
            "avg": 41.60332786885247,
            "min": 39.0212,
            "med": 40.7294,
            "max": 83.3126,
            "p(90)": 42.3291,
            "p(95)": 42.7882
        },
        "http_reqs": {
            "count": 61,
            "rate": 2.0200462635631453
        },
        "http_req_blocked": {
            "min": 122.6508,
            "med": 127.4901,
            "max": 185.3767,
            "p(90)": 131.4476,
            "p(95)": 141.4075,
            "avg": 130.03163442622952
        },
        "vus": {
            "value": 3000,
            "min": 3000,
            "max": 3000
        },
        "http_req_waiting": {
            "min": 44.5881,
            "med": 48.8528,
            "max": 56.1734,
            "p(90)": 51.9876,
            "p(95)": 53.2214,
            "avg": 49.032814754098375
        },
        "vus_max": {
            "max": 3000,
            "value": 3000,
            "min": 3000
        },
        "data_received": {
            "count": 349652,
            "rate": 11578.905182743949
        },
        "iterations": {
            "count": 61,
            "rate": 2.0200462635631453
        },
        "http_req_tls_handshaking": {
            "avg": 87.73366557377048,
            "min": 81.3575,
            "med": 85.5603,
            "max": 143.8275,
            "p(90)": 89.3095,
            "p(95)": 90.8807
        }
    }
}