{
    "root_group": {
        "path": "",
        "id": "d41d8cd98f00b204e9800998ecf8427e",
        "groups": {},
        "checks": {
                "status = 200": {
                    "passes": 21,
                    "fails": 0,
                    "name": "status = 200",
                    "path": "::status = 200",
                    "id": "5e90a7a0f7a18f344a4df4657c2138be"
                }
            },
        "name": ""
    },
    "metrics": {
        "http_req_blocked": {
            "avg": 201.02990476190476,
            "min": 178.501,
            "med": 198.477,
            "max": 229.958,
            "p(90)": 216.816,
            "p(95)": 223.497
        },
        "iterations": {
            "count": 21,
            "rate": 2.0479403327708
        },
        "data_sent": {
            "rate": 1587.1537578973698,
            "count": 16275
        },
        "http_req_duration": {
            "p(90)": 1595.356,
            "p(95)": 2093.665,
            "avg": 458.4926190476191,
            "min": 58.73,
            "med": 69.519,
            "max": 2598.289
        },
        "http_req_connecting": {
            "p(95)": 96.542,
            "avg": 67.37414285714284,
            "min": 54.127,
            "med": 62.194,
            "max": 97.067,
            "p(90)": 89.555
        },
        "vus_max": {
            "value": 200,
            "min": 200,
            "max": 200
        },
        "http_reqs": {
            "count": 21,
            "rate": 2.0479403327708
        },
        "iteration_duration": {
            "avg": 660.3579800000001,
            "min": 247.43825,
            "med": 288.69675,
            "max": 2792.412708,
            "p(90)": 1793.273167,
            "p(95)": 2292.815375
        },
        "http_req_duration{expected_response:true}": {
            "p(95)": 2093.665,
            "avg": 458.4926190476191,
            "min": 58.73,
            "med": 69.519,
            "max": 2598.289,
            "p(90)": 1595.356
        },
        "http_req_sending": {
            "med": 0.238,
            "max": 0.406,
            "p(90)": 0.354,
            "p(95)": 0.355,
            "avg": 0.2520952380952381,
            "min": 0.135
        },
        "data_received": {
            "rate": 11808.423958756432,
            "count": 121086
        },
        "http_req_waiting": {
            "med": 69.182,
            "max": 2597.959,
            "p(90)": 1594.635,
            "p(95)": 2091.673,
            "avg": 458.0285238095239,
            "min": 58.443
        },
        "http_req_failed": {
            "passes": 0,
            "fails": 21,
            "value": 0
        },
        "http_req_receiving": {
            "p(95)": 0.43,
            "avg": 0.21200000000000005,
            "min": 0.051,
            "med": 0.111,
            "max": 1.586,
            "p(90)": 0.367
        },
        "http_req_tls_handshaking": {
            "max": 157.016,
            "p(90)": 144.793,
            "p(95)": 153.925,
            "avg": 133.26961904761905,
            "min": 116.57,
            "med": 131.594
        },
        "vus": {
            "max": 200,
            "value": 200,
            "min": 200
        },
        "checks": {
            "passes": 21,
            "fails": 0,
            "value": 1
        }
    }
}