{
    "root_group": {
        "path": "",
        "id": "d41d8cd98f00b204e9800998ecf8427e",
        "groups": {},
        "checks": {
                "status = 200": {
                    "path": "::status = 200",
                    "id": "5e90a7a0f7a18f344a4df4657c2138be",
                    "passes": 11,
                    "fails": 0,
                    "name": "status = 200"
                }
            },
        "name": ""
    },
    "metrics": {
        "vus": {
            "value": 200,
            "min": 200,
            "max": 200
        },
        "http_reqs": {
            "count": 11,
            "rate": 1.0715444930600935
        },
        "http_req_duration": {
            "avg": 66.55881818181818,
            "min": 62.124,
            "med": 64.939,
            "max": 75.194,
            "p(90)": 71.951,
            "p(95)": 73.57249999999999
        },
        "http_req_receiving": {
            "max": 4.526,
            "p(90)": 2.762,
            "p(95)": 3.6439999999999992,
            "avg": 0.802181818181818,
            "min": 0.115,
            "med": 0.185
        },
        "iterations": {
            "count": 11,
            "rate": 1.0715444930600935
        },
        "http_req_waiting": {
            "p(95)": 72.5565,
            "avg": 65.37109090909091,
            "min": 60.223,
            "med": 63.483,
            "max": 73.556,
            "p(90)": 71.557
        },
        "http_req_connecting": {
            "avg": 70.38372727272727,
            "min": 54.512,
            "med": 69.651,
            "max": 90.773,
            "p(90)": 82.297,
            "p(95)": 86.535
        },
        "http_req_tls_handshaking": {
            "p(90)": 147.344,
            "p(95)": 170.63199999999998,
            "avg": 137.63509090909093,
            "min": 116.365,
            "med": 135.407,
            "max": 193.92
        },
        "http_req_sending": {
            "avg": 0.3855454545454546,
            "min": 0.136,
            "med": 0.294,
            "max": 1.428,
            "p(90)": 0.468,
            "p(95)": 0.9479999999999996
        },
        "vus_max": {
            "value": 200,
            "min": 200,
            "max": 200
        },
        "data_sent": {
            "rate": 830.4469821215723,
            "count": 8525
        },
        "iteration_duration": {
            "avg": 316.6040985454545,
            "min": 247.542625,
            "med": 266.534167,
            "max": 772.214167,
            "p(90)": 302.251833,
            "p(95)": 537.2329999999997
        },
        "http_req_blocked": {
            "med": 202.677,
            "max": 694.612,
            "p(90)": 229.996,
            "p(95)": 462.3039999999998,
            "avg": 248.89336363636366,
            "min": 183.49
        },
        "data_received": {
            "count": 63426,
            "rate": 6178.525546984499
        },
        "http_req_failed": {
            "passes": 0,
            "fails": 11,
            "value": 0
        },
        "http_req_duration{expected_response:true}": {
            "p(90)": 71.951,
            "p(95)": 73.57249999999999,
            "avg": 66.55881818181818,
            "min": 62.124,
            "med": 64.939,
            "max": 75.194
        },
        "checks": {
            "passes": 11,
            "fails": 0,
            "value": 1
        }
    }
}