{
    "root_group": {
        "path": "",
        "id": "d41d8cd98f00b204e9800998ecf8427e",
        "groups": {},
        "checks": {
                "status = 200": {
                    "name": "status = 200",
                    "path": "::status = 200",
                    "id": "5e90a7a0f7a18f344a4df4657c2138be",
                    "passes": 30,
                    "fails": 0
                }
            },
        "name": ""
    },
    "metrics": {
        "data_sent": {
            "count": 23730,
            "rate": 790.5599479809556
        },
        "vus": {
            "value": 3000,
            "min": 3000,
            "max": 3000
        },
        "http_req_sending": {
            "p(90)": 0.97575,
            "p(95)": 1.0672999999999997,
            "avg": 0.6432733333333333,
            "min": 0,
            "med": 0.60995,
            "max": 1.5021
        },
        "http_req_receiving": {
            "max": 1.0822,
            "p(90)": 0.8530400000000001,
            "p(95)": 0.9609449999999997,
            "avg": 0.19829666666666668,
            "min": 0,
            "med": 0
        },
        "http_req_tls_handshaking": {
            "avg": 87.49358333333335,
            "min": 82.1851,
            "med": 86.26644999999999,
            "max": 134.2419,
            "p(90)": 88.62404000000001,
            "p(95)": 89.84355
        },
        "http_req_waiting": {
            "med": 48.971500000000006,
            "max": 55.7977,
            "p(90)": 51.249249999999996,
            "p(95)": 51.716575,
            "avg": 49.21518999999999,
            "min": 44.5529
        },
        "http_reqs": {
            "count": 30,
            "rate": 0.9994436763349628
        },
        "checks": {
            "passes": 30,
            "fails": 0,
            "value": 1
        },
        "vus_max": {
            "value": 3000,
            "min": 3000,
            "max": 3000
        },
        "iteration_duration": {
            "avg": 179.61616999999998,
            "min": 171.4867,
            "med": 177.94695000000002,
            "max": 229.1493,
            "p(90)": 184.03674,
            "p(95)": 187.81170999999998
        },
        "http_req_duration{expected_response:true}": {
            "med": 49.8497,
            "max": 57.3377,
            "p(90)": 51.95628,
            "p(95)": 52.40439,
            "avg": 50.056760000000004,
            "min": 45.0919
        },
        "http_req_failed": {
            "passes": 0,
            "fails": 30,
            "value": 0
        },
        "http_req_duration": {
            "min": 45.0919,
            "med": 49.8497,
            "max": 57.3377,
            "p(90)": 51.95628,
            "p(95)": 52.40439,
            "avg": 50.056760000000004
        },
        "iterations": {
            "count": 30,
            "rate": 0.9994436763349628
        },
        "http_req_blocked": {
            "min": 122.5122,
            "med": 127.8883,
            "max": 177.3631,
            "p(90)": 132.43966,
            "p(95)": 133.277375,
            "avg": 129.25064333333333
        },
        "http_req_connecting": {
            "min": 38.8983,
            "med": 40.817499999999995,
            "max": 43.4625,
            "p(90)": 42.74484,
            "p(95)": 43.072545,
            "avg": 41.01667999999999
        },
        "data_received": {
            "count": 171960,
            "rate": 5728.811152752007
        }
    }
}