{
    "root_group": {
        "name": "",
        "path": "",
        "id": "d41d8cd98f00b204e9800998ecf8427e",
        "groups": {},
        "checks": {
                "status = 200": {
                    "path": "::status = 200",
                    "id": "5e90a7a0f7a18f344a4df4657c2138be",
                    "passes": 960,
                    "fails": 0,
                    "name": "status = 200"
                }
            }
    },
    "metrics": {
        "http_req_tls_handshaking": {
            "p(95)": 93.78560999999999,
            "avg": 86.03422104166661,
            "min": 79.9394,
            "med": 83.6814,
            "max": 610.5128,
            "p(90)": 88.97612000000001
        },
        "http_req_waiting": {
            "p(90)": 88.71033000000023,
            "p(95)": 556.4942249999998,
            "avg": 100.94289989583332,
            "min": 43.4145,
            "med": 48.4487,
            "max": 1024.7351
        },
        "vus": {
            "value": 3000,
            "min": 3000,
            "max": 3000
        },
        "vus_max": {
            "value": 3000,
            "min": 3000,
            "max": 3000
        },
        "http_reqs": {
            "count": 960,
            "rate": 31.844166009303013
        },
        "http_req_blocked": {
            "p(95)": 140.02738499999998,
            "avg": 133.96678427083347,
            "min": 120.1111,
            "med": 124.86269999999999,
            "max": 1140.8625,
            "p(90)": 132.7536
        },
        "checks": {
            "passes": 960,
            "fails": 0,
            "value": 1
        },
        "http_req_failed": {
            "passes": 0,
            "fails": 960,
            "value": 0
        },
        "http_req_sending": {
            "avg": 0.39897145833333325,
            "min": 0,
            "med": 0.33875,
            "max": 1.2189,
            "p(90)": 0.90752,
            "p(95)": 0.9863899999999998
        },
        "data_sent": {
            "count": 759360,
            "rate": 25188.735313358684
        },
        "iterations": {
            "count": 960,
            "rate": 31.844166009303013
        },
        "http_req_duration": {
            "avg": 101.72176677083324,
            "min": 44.3544,
            "med": 49.26205,
            "max": 1025.455,
            "p(90)": 89.13045000000022,
            "p(95)": 557.3275049999999
        },
        "data_received": {
            "count": 5502720,
            "rate": 182530.75956532487
        },
        "iteration_duration": {
            "p(95)": 711.6813,
            "avg": 235.61700333333317,
            "min": 166.0078,
            "med": 175.07905,
            "max": 2116.5621,
            "p(90)": 341.41147
        },
        "http_req_receiving": {
            "avg": 0.37989541666666665,
            "min": 0,
            "med": 0.316,
            "max": 4.1234,
            "p(90)": 0.88016,
            "p(95)": 0.95678
        },
        "http_req_connecting": {
            "p(95)": 47.342525,
            "avg": 47.54452437499989,
            "min": 38.4325,
            "med": 40.400400000000005,
            "max": 1057.8433,
            "p(90)": 43.20431
        },
        "http_req_duration{expected_response:true}": {
            "avg": 101.72176677083324,
            "min": 44.3544,
            "med": 49.26205,
            "max": 1025.455,
            "p(90)": 89.13045000000022,
            "p(95)": 557.3275049999999
        }
    }
}