{
    "metrics": {
        "http_req_failed": {
            "passes": 0,
            "fails": 1921,
            "value": 0
        },
        "vus": {
            "value": 3000,
            "min": 3000,
            "max": 3000
        },
        "http_reqs": {
            "count": 1921,
            "rate": 63.650623141091586
        },
        "http_req_duration": {
            "avg": 50.79860062467475,
            "min": 45.3821,
            "med": 50.3017,
            "max": 103.4502,
            "p(90)": 53.5258,
            "p(95)": 55.1555
        },
        "checks": {
            "passes": 1921,
            "fails": 0,
            "value": 1
        },
        "http_req_connecting": {
            "avg": 42.55972686100987,
            "min": 39.405,
            "med": 41.6996,
            "max": 112.1624,
            "p(90)": 44.1542,
            "p(95)": 45.5131
        },
        "http_req_tls_handshaking": {
            "avg": 87.75121212909936,
            "min": 82.6553,
            "med": 86.8296,
            "max": 150.5318,
            "p(90)": 90.5687,
            "p(95)": 93.6785
        },
        "iteration_duration": {
            "avg": 181.62746330036433,
            "min": 169.7373,
            "med": 179.9922,
            "max": 252.1877,
            "p(90)": 187.1281,
            "p(95)": 192.5593
        },
        "http_req_duration{expected_response:true}": {
            "max": 103.4502,
            "p(90)": 53.5258,
            "p(95)": 55.1555,
            "avg": 50.79860062467475,
            "min": 45.3821,
            "med": 50.3017
        },
        "http_req_blocked": {
            "med": 129.1435,
            "max": 201.427,
            "p(90)": 134.5618,
            "p(95)": 139.4885,
            "avg": 130.66597912545575,
            "min": 123.0362
        },
        "http_req_receiving": {
            "max": 1.8219,
            "p(90)": 0.6911,
            "p(95)": 0.8876,
            "avg": 0.19253331598125967,
            "min": 0,
            "med": 0
        },
        "data_sent": {
            "count": 1519511,
            "rate": 50347.64290460345
        },
        "http_req_waiting": {
            "p(90)": 52.8836,
            "p(95)": 54.6498,
            "avg": 50.2414054659031,
            "min": 44.0741,
            "med": 49.7553,
            "max": 103.217
        },
        "iterations": {
            "count": 1921,
            "rate": 63.650623141091586
        },
        "vus_max": {
            "min": 3000,
            "max": 3000,
            "value": 3000
        },
        "data_received": {
            "count": 11011172,
            "rate": 364845.371844737
        },
        "http_req_sending": {
            "max": 1.2903,
            "p(90)": 0.8381,
            "p(95)": 0.9604,
            "avg": 0.3646618427902139,
            "min": 0,
            "med": 0.3214
        }
    },
    "root_group": {
        "checks": {
            "status = 200": {
                "name": "status = 200",
                "path": "::status = 200",
                "id": "5e90a7a0f7a18f344a4df4657c2138be",
                "passes": 1921,
                "fails": 0
            }
        },
        "name": "",
        "path": "",
        "id": "d41d8cd98f00b204e9800998ecf8427e",
        "groups": {}
    }
}