{
    "root_group": {
        "name": "",
        "path": "",
        "id": "d41d8cd98f00b204e9800998ecf8427e",
        "groups": {},
        "checks": {
                "status = 200": {
                    "id": "5e90a7a0f7a18f344a4df4657c2138be",
                    "passes": 61,
                    "fails": 0,
                    "name": "status = 200",
                    "path": "::status = 200"
                }
            }
    },
    "metrics": {
        "http_reqs": {
            "count": 61,
            "rate": 2.0208892764902986
        },
        "http_req_waiting": {
            "avg": 48.729670491803276,
            "min": 44.6249,
            "med": 48.4617,
            "max": 61.413,
            "p(90)": 50.7509,
            "p(95)": 51.7687
        },
        "http_req_connecting": {
            "avg": 40.67338032786884,
            "min": 38.9787,
            "med": 40.5099,
            "max": 45.4221,
            "p(90)": 41.7464,
            "p(95)": 41.9305
        },
        "http_req_failed": {
            "passes": 0,
            "fails": 61,
            "value": 0
        },
        "data_received": {
            "count": 349652,
            "rate": 11583.737332842391
        },
        "http_req_duration": {
            "p(95)": 52.8097,
            "avg": 49.54643934426231,
            "min": 45.5796,
            "med": 49.1238,
            "max": 62.0615,
            "p(90)": 51.7899
        },
        "data_sent": {
            "rate": 1598.5234177038262,
            "count": 48251
        },
        "iteration_duration": {
            "p(90)": 181.0811,
            "p(95)": 185.1831,
            "avg": 177.83801967213114,
            "min": 168.7829,
            "med": 176.7027,
            "max": 210.2041
        },
        "iterations": {
            "count": 61,
            "rate": 2.0208892764902986
        },
        "vus": {
            "value": 3000,
            "min": 3000,
            "max": 3000
        },
        "http_req_tls_handshaking": {
            "p(90)": 89.1496,
            "p(95)": 89.5277,
            "avg": 86.63870819672135,
            "min": 80.3053,
            "med": 85.2716,
            "max": 117.8317
        },
        "vus_max": {
            "value": 3000,
            "min": 3000,
            "max": 3000
        },
        "http_req_blocked": {
            "avg": 128.044431147541,
            "min": 121.7155,
            "med": 126.9511,
            "max": 161.6248,
            "p(90)": 130.5488,
            "p(95)": 130.7768
        },
        "http_req_duration{expected_response:true}": {
            "avg": 49.54643934426231,
            "min": 45.5796,
            "med": 49.1238,
            "max": 62.0615,
            "p(90)": 51.7899,
            "p(95)": 52.8097
        },
        "http_req_sending": {
            "p(90)": 0.9825,
            "p(95)": 1.1256,
            "avg": 0.6128803278688525,
            "min": 0.0769,
            "med": 0.6117,
            "max": 1.1717
        },
        "http_req_receiving": {
            "avg": 0.2038885245901639,
            "min": 0,
            "med": 0,
            "max": 1.0741,
            "p(90)": 0.7758,
            "p(95)": 0.9213
        },
        "checks": {
            "passes": 61,
            "fails": 0,
            "value": 1
        }
    }
}