{
    "metrics": {
        "http_req_failed": {
            "passes": 0,
            "fails": 241,
            "value": 0
        },
        "data_sent": {
            "count": 190631,
            "rate": 6314.615718694386
        },
        "http_req_duration{expected_response:true}": {
            "max": 1922.2528,
            "p(90)": 290.954,
            "p(95)": 796.2344,
            "avg": 137.0134369294606,
            "min": 44.7748,
            "med": 49.8076
        },
        "http_req_connecting": {
            "avg": 41.44475518672198,
            "min": 38.9381,
            "med": 40.6739,
            "max": 77.0999,
            "p(90)": 42.6739,
            "p(95)": 43.7659
        },
        "checks": {
            "passes": 241,
            "fails": 0,
            "value": 1
        },
        "http_req_duration": {
            "max": 1922.2528,
            "p(90)": 290.954,
            "p(95)": 796.2344,
            "avg": 137.0134369294606,
            "min": 44.7748,
            "med": 49.8076
        },
        "iterations": {
            "count": 241,
            "rate": 7.983079290384811
        },
        "vus_max": {
            "value": 3000,
            "min": 3000,
            "max": 3000
        },
        "http_reqs": {
            "count": 241,
            "rate": 7.983079290384811
        },
        "http_req_tls_handshaking": {
            "p(95)": 92.1502,
            "avg": 86.74301950207473,
            "min": 81.5667,
            "med": 85.6392,
            "max": 140.9165,
            "p(90)": 89.4172
        },
        "http_req_sending": {
            "avg": 0.5828821576763483,
            "min": 0,
            "med": 0.5549,
            "max": 1.5968,
            "p(90)": 0.9761,
            "p(95)": 1.1135
        },
        "http_req_waiting": {
            "avg": 136.21939460580913,
            "min": 44.0093,
            "med": 48.7913,
            "max": 1920.7874,
            "p(90)": 290.393,
            "p(95)": 795.0374
        },
        "iteration_duration": {
            "avg": 266.37180622406623,
            "min": 168.8385,
            "med": 178.0234,
            "max": 2048.0533,
            "p(90)": 418.001,
            "p(95)": 924.4898
        },
        "http_req_receiving": {
            "avg": 0.21116016597510376,
            "min": 0,
            "med": 0,
            "max": 2.3127,
            "p(90)": 0.9039,
            "p(95)": 0.9945
        },
        "data_received": {
            "count": 1381412,
            "rate": 45759.01049248574
        },
        "http_req_blocked": {
            "max": 185.2037,
            "p(90)": 132.2018,
            "p(95)": 138.2646,
            "avg": 128.83655394190868,
            "min": 122.6657,
            "med": 127.0641
        },
        "vus": {
            "value": 3000,
            "min": 3000,
            "max": 3000
        }
    },
    "root_group": {
        "path": "",
        "id": "d41d8cd98f00b204e9800998ecf8427e",
        "groups": {},
        "checks": {
                "status = 200": {
                    "name": "status = 200",
                    "path": "::status = 200",
                    "id": "5e90a7a0f7a18f344a4df4657c2138be",
                    "passes": 241,
                    "fails": 0
                }
            },
        "name": ""
    }
}