{
    "metrics": {
        "data_received": {
            "rate": 11462.120899899672,
            "count": 343920
        },
        "http_req_tls_handshaking": {
            "avg": 87.003995,
            "min": 80.8927,
            "med": 85.91669999999999,
            "max": 116.9516,
            "p(90)": 89.79795,
            "p(95)": 96.065285
        },
        "vus": {
            "value": 3000,
            "min": 3000,
            "max": 3000
        },
        "http_req_duration": {
            "max": 525.2628,
            "p(90)": 54.928180000000005,
            "p(95)": 72.08147499999995,
            "avg": 66.30310666666666,
            "min": 46.55,
            "med": 49.968999999999994
        },
        "http_req_connecting": {
            "avg": 42.126831666666654,
            "min": 38.9461,
            "med": 40.61285,
            "max": 81.0945,
            "p(90)": 43.28939,
            "p(95)": 49.66155
        },
        "checks": {
            "fails": 0,
            "passes": 60,
            "value": 1
        },
        "iteration_duration": {
            "p(95)": 217.25178999999991,
            "avg": 196.4094683333333,
            "min": 171.3329,
            "med": 177.78215,
            "max": 650.2022,
            "p(90)": 201.51268000000002
        },
        "http_req_failed": {
            "passes": 0,
            "fails": 60,
            "value": 0
        },
        "iterations": {
            "rate": 1.9996721737438365,
            "count": 60
        },
        "http_req_duration{expected_response:true}": {
            "avg": 66.30310666666666,
            "min": 46.55,
            "med": 49.968999999999994,
            "max": 525.2628,
            "p(90)": 54.928180000000005,
            "p(95)": 72.08147499999995
        },
        "http_req_receiving": {
            "avg": 0.2593183333333334,
            "min": 0,
            "med": 0,
            "max": 1.0393,
            "p(90)": 0.88853,
            "p(95)": 0.930665
        },
        "vus_max": {
            "value": 3000,
            "min": 3000,
            "max": 3000
        },
        "http_reqs": {
            "count": 60,
            "rate": 1.9996721737438365
        },
        "http_req_waiting": {
            "avg": 65.37905333333332,
            "min": 45.9261,
            "med": 49.1425,
            "max": 524.5595,
            "p(90)": 53.443180000000005,
            "p(95)": 71.15456999999996
        },
        "http_req_sending": {
            "min": 0,
            "med": 0.6447499999999999,
            "max": 1.2961,
            "p(90)": 1.14381,
            "p(95)": 1.22982,
            "avg": 0.6647350000000001
        },
        "http_req_blocked": {
            "min": 121.822,
            "med": 127.99020000000002,
            "max": 182.5321,
            "p(90)": 134.30694,
            "p(95)": 141.30952499999998,
            "avg": 129.8489566666667
        },
        "data_sent": {
            "count": 47460,
            "rate": 1581.7406894313747
        }
    },
    "root_group": {
        "name": "",
        "path": "",
        "id": "d41d8cd98f00b204e9800998ecf8427e",
        "groups": {},
        "checks": {
                "status = 200": {
                    "id": "5e90a7a0f7a18f344a4df4657c2138be",
                    "passes": 60,
                    "fails": 0,
                    "name": "status = 200",
                    "path": "::status = 200"
                }
            }
    }
}