{
    "root_group": {
        "groups": {},
        "checks": {
                "status = 200": {
                    "passes": 240,
                    "fails": 0,
                    "name": "status = 200",
                    "path": "::status = 200",
                    "id": "5e90a7a0f7a18f344a4df4657c2138be"
                }
            },
        "name": "",
        "path": "",
        "id": "d41d8cd98f00b204e9800998ecf8427e"
    },
    "metrics": {
        "iterations": {
            "count": 240,
            "rate": 7.980897243593624
        },
        "http_req_duration{expected_response:true}": {
            "avg": 139.40388374999992,
            "min": 45.0905,
            "med": 49.6639,
            "max": 1920.9774,
            "p(90)": 293.62334999999996,
            "p(95)": 799.0239499999999
        },
        "vus": {
            "max": 3000,
            "value": 3000,
            "min": 3000
        },
        "http_req_connecting": {
            "avg": 45.784422916666685,
            "min": 38.5535,
            "med": 40.63035,
            "max": 1050.8176,
            "p(90)": 42.72044,
            "p(95)": 45.15038
        },
        "http_req_tls_handshaking": {
            "p(95)": 90.24596,
            "avg": 86.61901041666665,
            "min": 81.5178,
            "med": 85.77275,
            "max": 136.2483,
            "p(90)": 88.88538
        },
        "http_req_failed": {
            "fails": 240,
            "passes": 0,
            "value": 0
        },
        "http_req_blocked": {
            "med": 126.96350000000001,
            "max": 1143.2478,
            "p(90)": 131.61938,
            "p(95)": 136.58949499999997,
            "avg": 132.96254541666664,
            "min": 122.2325
        },
        "iteration_duration": {
            "avg": 272.9585125,
            "min": 170.5344,
            "med": 177.4624,
            "max": 2047.9834,
            "p(90)": 422.3028699999999,
            "p(95)": 935.486464999998
        },
        "http_reqs": {
            "count": 240,
            "rate": 7.980897243593624
        },
        "vus_max": {
            "value": 3000,
            "min": 3000,
            "max": 3000
        },
        "http_req_sending": {
            "avg": 0.5553945833333335,
            "min": 0,
            "med": 0.5202,
            "max": 1.4414,
            "p(90)": 0.94597,
            "p(95)": 1.102765
        },
        "data_sent": {
            "count": 189840,
            "rate": 6312.8897196825565
        },
        "http_req_duration": {
            "avg": 139.40388374999992,
            "min": 45.0905,
            "med": 49.6639,
            "max": 1920.9774,
            "p(90)": 293.62334999999996,
            "p(95)": 799.0239499999999
        },
        "http_req_waiting": {
            "avg": 138.67140583333332,
            "min": 44.0331,
            "med": 48.863299999999995,
            "max": 1920.693,
            "p(90)": 292.42368,
            "p(95)": 798.5779549999999
        },
        "data_received": {
            "count": 1375680,
            "rate": 45746.50300027865
        },
        "http_req_receiving": {
            "p(90)": 0.8916499999999999,
            "p(95)": 0.9619649999999998,
            "avg": 0.17708333333333337,
            "min": 0,
            "med": 0,
            "max": 1.1521
        },
        "checks": {
            "passes": 240,
            "fails": 0,
            "value": 1
        }
    }
}