{
    "metrics": {
        "checks": {
            "passes": 961,
            "fails": 0,
            "value": 1
        },
        "http_req_duration": {
            "p(95)": 53.8143,
            "avg": 49.36317700312173,
            "min": 44.4142,
            "med": 48.6371,
            "max": 131.2408,
            "p(90)": 51.8914
        },
        "http_req_duration{expected_response:true}": {
            "avg": 49.36317700312173,
            "min": 44.4142,
            "med": 48.6371,
            "max": 131.2408,
            "p(90)": 51.8914,
            "p(95)": 53.8143
        },
        "http_req_connecting": {
            "p(95)": 45.3747,
            "avg": 41.42455119667011,
            "min": 38.4786,
            "med": 40.3565,
            "max": 114.7864,
            "p(90)": 42.6573
        },
        "http_reqs": {
            "rate": 31.84699381246381,
            "count": 961
        },
        "http_req_waiting": {
            "avg": 48.53620905306969,
            "min": 43.2124,
            "med": 47.7805,
            "max": 129.5418,
            "p(90)": 51.1176,
            "p(95)": 53.2259
        },
        "iterations": {
            "count": 961,
            "rate": 31.84699381246381
        },
        "iteration_duration": {
            "med": 173.6011,
            "max": 277.7219,
            "p(90)": 184.4575,
            "p(95)": 192.3634,
            "avg": 176.45090603537975,
            "min": 165.22
        },
        "vus": {
            "max": 3000,
            "value": 3000,
            "min": 3000
        },
        "vus_max": {
            "value": 3000,
            "min": 3000,
            "max": 3000
        },
        "http_req_tls_handshaking": {
            "min": 79.9757,
            "med": 83.574,
            "max": 155.1661,
            "p(90)": 88.7984,
            "p(95)": 94.3794,
            "avg": 85.17411602497393
        },
        "http_req_failed": {
            "passes": 0,
            "fails": 961,
            "value": 0
        },
        "data_sent": {
            "count": 760151,
            "rate": 25190.972105658875
        },
        "http_req_blocked": {
            "avg": 127.16395005202905,
            "min": 119.7091,
            "med": 124.6325,
            "max": 207.4996,
            "p(90)": 132.9829,
            "p(95)": 139.2512
        },
        "http_req_receiving": {
            "avg": 0.41845775234131105,
            "min": 0,
            "med": 0.361,
            "max": 4.2104,
            "p(90)": 0.9162,
            "p(95)": 0.9799
        },
        "http_req_sending": {
            "avg": 0.4085101977107176,
            "min": 0,
            "med": 0.3585,
            "max": 1.1771,
            "p(90)": 0.8832,
            "p(95)": 0.9744
        },
        "data_received": {
            "count": 5508452,
            "rate": 182546.96853304256
        }
    },
    "root_group": {
        "name": "",
        "path": "",
        "id": "d41d8cd98f00b204e9800998ecf8427e",
        "groups": {},
        "checks": {
                "status = 200": {
                    "name": "status = 200",
                    "path": "::status = 200",
                    "id": "5e90a7a0f7a18f344a4df4657c2138be",
                    "passes": 961,
                    "fails": 0
                }
            }
    }
}