{
    "root_group": {
        "groups": {},
        "checks": {
                "status = 200": {
                    "name": "status = 200",
                    "path": "::status = 200",
                    "id": "5e90a7a0f7a18f344a4df4657c2138be",
                    "passes": 31,
                    "fails": 0
                }
            },
        "name": "",
        "path": "",
        "id": "d41d8cd98f00b204e9800998ecf8427e"
    },
    "metrics": {
        "data_received": {
            "count": 177692,
            "rate": 5884.332810567792
        },
        "http_req_waiting": {
            "min": 44.9771,
            "med": 49.406,
            "max": 66.8662,
            "p(90)": 52.0405,
            "p(95)": 53.00895,
            "avg": 49.65933225806452
        },
        "iteration_duration": {
            "avg": 182.7397,
            "min": 170.711,
            "med": 177.29,
            "max": 250.884,
            "p(90)": 193.7331,
            "p(95)": 210.5179
        },
        "http_req_duration{expected_response:true}": {
            "avg": 50.53314193548387,
            "min": 45.8246,
            "med": 49.9557,
            "max": 67.7406,
            "p(90)": 52.7541,
            "p(95)": 53.5642
        },
        "checks": {
            "passes": 31,
            "fails": 0,
            "value": 1
        },
        "http_reqs": {
            "count": 31,
            "rate": 1.0265758566936134
        },
        "http_req_tls_handshaking": {
            "med": 86.1933,
            "max": 112.2644,
            "p(90)": 98.0403,
            "p(95)": 101.23485,
            "avg": 87.93950967741937,
            "min": 81.5203
        },
        "http_req_failed": {
            "passes": 0,
            "fails": 31,
            "value": 0
        },
        "data_sent": {
            "count": 24521,
            "rate": 812.0215026446482
        },
        "http_req_receiving": {
            "avg": 0.2234193548387097,
            "min": 0,
            "med": 0,
            "max": 1.0059,
            "p(90)": 0.6722,
            "p(95)": 0.87965
        },
        "vus": {
            "value": 3000,
            "min": 3000,
            "max": 3000
        },
        "http_req_blocked": {
            "max": 198.2166,
            "p(90)": 140.893,
            "p(95)": 158.1594,
            "avg": 131.9846677419355,
            "min": 121.9118,
            "med": 126.923
        },
        "http_req_connecting": {
            "avg": 41.92349354838709,
            "min": 39.4025,
            "med": 40.6201,
            "max": 84.7554,
            "p(90)": 41.434,
            "p(95)": 41.6083
        },
        "vus_max": {
            "value": 3000,
            "min": 3000,
            "max": 3000
        },
        "http_req_duration": {
            "avg": 50.53314193548387,
            "min": 45.8246,
            "med": 49.9557,
            "max": 67.7406,
            "p(90)": 52.7541,
            "p(95)": 53.5642
        },
        "iterations": {
            "count": 31,
            "rate": 1.0265758566936134
        },
        "http_req_sending": {
            "max": 1.2431,
            "p(90)": 1.035,
            "p(95)": 1.14445,
            "avg": 0.6503903225806451,
            "min": 0.0946,
            "med": 0.6666
        }
    }
}