{
    "root_group": {
        "name": "",
        "path": "",
        "id": "d41d8cd98f00b204e9800998ecf8427e",
        "groups": {},
        "checks": {
                "status = 200": {
                    "name": "status = 200",
                    "path": "::status = 200",
                    "id": "5e90a7a0f7a18f344a4df4657c2138be",
                    "passes": 1921,
                    "fails": 0
                }
            }
    },
    "metrics": {
        "http_req_duration": {
            "avg": 51.825419469026464,
            "min": 45.4334,
            "med": 50.536,
            "max": 359.3538,
            "p(90)": 54.3366,
            "p(95)": 57.4148
        },
        "http_req_receiving": {
            "p(90)": 0.7469,
            "p(95)": 0.9175,
            "avg": 0.2163435190005209,
            "min": 0,
            "med": 0,
            "max": 5.3325
        },
        "http_req_sending": {
            "med": 0.3058,
            "max": 1.5234,
            "p(90)": 0.838,
            "p(95)": 0.9565,
            "avg": 0.3539244664237376,
            "min": 0
        },
        "http_req_blocked": {
            "avg": 134.55906257157716,
            "min": 123.133,
            "med": 129.0234,
            "max": 1130.6542,
            "p(90)": 134.7039,
            "p(95)": 139.3081
        },
        "http_req_waiting": {
            "avg": 51.25515148360235,
            "min": 44.9384,
            "med": 49.9627,
            "max": 358.8414,
            "p(90)": 53.6365,
            "p(95)": 56.8332
        },
        "http_req_failed": {
            "passes": 0,
            "fails": 1921,
            "value": 0
        },
        "vus_max": {
            "max": 3000,
            "value": 3000,
            "min": 3000
        },
        "http_req_duration{expected_response:true}": {
            "min": 45.4334,
            "med": 50.536,
            "max": 359.3538,
            "p(90)": 54.3366,
            "p(95)": 57.4148,
            "avg": 51.825419469026464
        },
        "vus": {
            "max": 3000,
            "value": 3000,
            "min": 3000
        },
        "iteration_duration": {
            "max": 1179.1247,
            "p(90)": 189.0468,
            "p(95)": 197.0437,
            "avg": 186.52123888599715,
            "min": 170.8065,
            "med": 179.9069
        },
        "iterations": {
            "count": 1921,
            "rate": 63.63477895540287
        },
        "data_sent": {
            "count": 1519511,
            "rate": 50335.110153723675
        },
        "http_reqs": {
            "rate": 63.63477895540287,
            "count": 1921
        },
        "http_req_connecting": {
            "med": 41.6769,
            "max": 1044.487,
            "p(90)": 44.0197,
            "p(95)": 46.1668,
            "avg": 45.45352051015104,
            "min": 39.1379
        },
        "data_received": {
            "count": 11011172,
            "rate": 364754.55297236925
        },
        "http_req_tls_handshaking": {
            "avg": 88.74682103071308,
            "min": 82.5117,
            "med": 86.7231,
            "max": 452.438,
            "p(90)": 90.9794,
            "p(95)": 94.6425
        },
        "checks": {
            "passes": 1921,
            "fails": 0,
            "value": 1
        }
    }
}