{
    "metrics": {
        "http_req_blocked": {
            "avg": 130.39950921395123,
            "min": 123.585,
            "med": 128.8885,
            "max": 193.0357,
            "p(90)": 134.9085,
            "p(95)": 139.0173
        },
        "vus": {
            "value": 3000,
            "min": 3000,
            "max": 3000
        },
        "http_req_sending": {
            "p(90)": 0.8522,
            "p(95)": 0.9565,
            "avg": 0.34828318584070794,
            "min": 0,
            "med": 0.2882,
            "max": 1.4507
        },
        "iterations": {
            "rate": 63.65218574249887,
            "count": 1921
        },
        "http_req_connecting": {
            "med": 41.5993,
            "max": 102.3231,
            "p(90)": 43.8487,
            "p(95)": 45.4507,
            "avg": 42.31324934929729,
            "min": 39.3129
        },
        "http_req_failed": {
            "passes": 0,
            "fails": 1921,
            "value": 0
        },
        "http_req_receiving": {
            "max": 2.9722,
            "p(90)": 0.7458,
            "p(95)": 0.9151,
            "avg": 0.19471275377407596,
            "min": 0,
            "med": 0
        },
        "http_req_waiting": {
            "med": 49.627,
            "max": 1677.4405,
            "p(90)": 56.2515,
            "p(95)": 458.1493,
            "avg": 102.81609344091636,
            "min": 44.3794
        },
        "data_sent": {
            "count": 1519511,
            "rate": 50348.8789223166
        },
        "data_received": {
            "count": 11011172,
            "rate": 364854.3286760035
        },
        "vus_max": {
            "value": 3000,
            "min": 3000,
            "max": 3000
        },
        "http_req_duration": {
            "avg": 103.35908938053095,
            "min": 45.0961,
            "med": 50.2109,
            "max": 1678.0937,
            "p(90)": 56.7264,
            "p(95)": 458.4143
        },
        "http_req_tls_handshaking": {
            "p(90)": 90.8654,
            "p(95)": 93.4557,
            "avg": 87.7286707964601,
            "min": 82.105,
            "med": 86.7368,
            "max": 150.5407
        },
        "http_req_duration{expected_response:true}": {
            "p(95)": 458.4143,
            "avg": 103.35908938053095,
            "min": 45.0961,
            "med": 50.2109,
            "max": 1678.0937,
            "p(90)": 56.7264
        },
        "http_reqs": {
            "rate": 63.65218574249887,
            "count": 1921
        },
        "iteration_duration": {
            "max": 1807.2098,
            "p(90)": 203.7611,
            "p(95)": 585.1395,
            "avg": 233.93421577303494,
            "min": 169.6316,
            "med": 179.6514
        },
        "checks": {
            "passes": 1921,
            "fails": 0,
            "value": 1
        }
    },
    "root_group": {
        "name": "",
        "path": "",
        "id": "d41d8cd98f00b204e9800998ecf8427e",
        "groups": {},
        "checks": {
                "status = 200": {
                    "name": "status = 200",
                    "path": "::status = 200",
                    "id": "5e90a7a0f7a18f344a4df4657c2138be",
                    "passes": 1921,
                    "fails": 0
                }
            }
    }
}