{
    "root_group": {
        "name": "",
        "path": "",
        "id": "d41d8cd98f00b204e9800998ecf8427e",
        "groups": {},
        "checks": {
                "status = 200": {
                    "passes": 61,
                    "fails": 0,
                    "name": "status = 200",
                    "path": "::status = 200",
                    "id": "5e90a7a0f7a18f344a4df4657c2138be"
                }
            }
    },
    "metrics": {
        "http_req_connecting": {
            "avg": 41.14832295081967,
            "min": 39.0192,
            "med": 40.5231,
            "max": 65.1739,
            "p(90)": 41.8997,
            "p(95)": 42.2766
        },
        "http_req_duration{expected_response:true}": {
            "max": 1557.0351,
            "p(90)": 57.908,
            "p(95)": 570.1948,
            "avg": 124.53417049180327,
            "min": 44.6758,
            "med": 49.3076
        },
        "http_req_failed": {
            "passes": 0,
            "fails": 61,
            "value": 0
        },
        "http_req_blocked": {
            "min": 121.3267,
            "med": 127.1632,
            "max": 179.8765,
            "p(90)": 130.2028,
            "p(95)": 132.0523,
            "avg": 128.047168852459
        },
        "vus": {
            "value": 3000,
            "min": 3000,
            "max": 3000
        },
        "http_req_waiting": {
            "max": 1555.9675,
            "p(90)": 57.908,
            "p(95)": 569.4491,
            "avg": 123.81735737704916,
            "min": 44.4877,
            "med": 48.4109
        },
        "iterations": {
            "count": 61,
            "rate": 2.0200034918906264
        },
        "iteration_duration": {
            "avg": 252.821493442623,
            "min": 170.6295,
            "med": 176.4151,
            "max": 1680.5731,
            "p(90)": 221.3283,
            "p(95)": 692.6677
        },
        "http_req_duration": {
            "avg": 124.53417049180327,
            "min": 44.6758,
            "med": 49.3076,
            "max": 1557.0351,
            "p(90)": 57.908,
            "p(95)": 570.1948
        },
        "http_req_receiving": {
            "max": 1.0644,
            "p(90)": 0.842,
            "p(95)": 0.8857,
            "avg": 0.20619836065573768,
            "min": 0,
            "med": 0
        },
        "vus_max": {
            "value": 3000,
            "min": 3000,
            "max": 3000
        },
        "http_reqs": {
            "rate": 2.0200034918906264,
            "count": 61
        },
        "http_req_sending": {
            "avg": 0.5106147540983605,
            "min": 0,
            "med": 0.4988,
            "max": 1.4138,
            "p(90)": 0.9087,
            "p(95)": 1.0676
        },
        "data_sent": {
            "count": 48251,
            "rate": 1597.8227620854857
        },
        "data_received": {
            "count": 349652,
            "rate": 11578.66001551707
        },
        "checks": {
            "passes": 61,
            "fails": 0,
            "value": 1
        },
        "http_req_tls_handshaking": {
            "p(95)": 89.0906,
            "avg": 86.18327377049181,
            "min": 81.5013,
            "med": 85.3145,
            "max": 132.7813,
            "p(90)": 87.976
        }
    }
}