{
    "root_group": {
        "groups": {},
        "checks": {
                "status = 200": {
                    "name": "status = 200",
                    "path": "::status = 200",
                    "id": "5e90a7a0f7a18f344a4df4657c2138be",
                    "passes": 960,
                    "fails": 0
                }
            },
        "name": "",
        "path": "",
        "id": "d41d8cd98f00b204e9800998ecf8427e"
    },
    "metrics": {
        "iterations": {
            "count": 960,
            "rate": 31.839803124945337
        },
        "http_req_tls_handshaking": {
            "med": 83.66555,
            "max": 258.7358,
            "p(90)": 88.11908,
            "p(95)": 95.12680999999996,
            "avg": 85.45146687500004,
            "min": 79.979
        },
        "data_received": {
            "count": 5502720,
            "rate": 182505.75151218666
        },
        "http_req_failed": {
            "passes": 0,
            "fails": 960,
            "value": 0
        },
        "data_sent": {
            "count": 759360,
            "rate": 25185.284271831762
        },
        "http_reqs": {
            "count": 960,
            "rate": 31.839803124945337
        },
        "http_req_waiting": {
            "max": 786.7045,
            "p(90)": 52.248,
            "p(95)": 55.868615000000005,
            "avg": 59.1194728124999,
            "min": 43.3959,
            "med": 48.14135
        },
        "http_req_receiving": {
            "avg": 0.3965959374999996,
            "min": 0,
            "med": 0.32625000000000004,
            "max": 3.9025,
            "p(90)": 0.8847200000000001,
            "p(95)": 0.96654
        },
        "vus_max": {
            "value": 3000,
            "min": 3000,
            "max": 3000
        },
        "http_req_sending": {
            "p(95)": 0.9721899999999999,
            "avg": 0.39521666666666666,
            "min": 0,
            "med": 0.32065,
            "max": 1.1485,
            "p(90)": 0.9081200000000001
        },
        "http_req_duration": {
            "p(90)": 52.93253,
            "p(95)": 56.410259999999994,
            "avg": 59.9112854166666,
            "min": 44.5775,
            "med": 48.9975,
            "max": 787.749
        },
        "http_req_connecting": {
            "avg": 41.260618333333376,
            "min": 38.3148,
            "med": 40.432900000000004,
            "max": 96.1507,
            "p(90)": 42.66353,
            "p(95)": 44.268879999999996
        },
        "http_req_duration{expected_response:true}": {
            "med": 48.9975,
            "max": 787.749,
            "p(90)": 52.93253,
            "p(95)": 56.410259999999994,
            "avg": 59.9112854166666,
            "min": 44.5775
        },
        "vus": {
            "value": 3000,
            "min": 3000,
            "max": 3000
        },
        "iteration_duration": {
            "min": 165.8628,
            "med": 174.00605000000002,
            "max": 913.6863,
            "p(90)": 187.17639,
            "p(95)": 203.69894499999998,
            "avg": 186.92901822916662
        },
        "checks": {
            "passes": 960,
            "fails": 0,
            "value": 1
        },
        "http_req_blocked": {
            "avg": 127.1094659374999,
            "min": 120.0116,
            "med": 124.81190000000001,
            "max": 299.4326,
            "p(90)": 131.18247,
            "p(95)": 140.045105
        }
    }
}