{
    "metrics": {
        "http_req_duration": {
            "min": 46.3905,
            "med": 49.9527,
            "max": 488.5732,
            "p(90)": 53.3489,
            "p(95)": 269.62170000000003,
            "avg": 78.17612258064516
        },
        "checks": {
            "passes": 31,
            "fails": 0,
            "value": 1
        },
        "http_req_waiting": {
            "avg": 77.24601935483872,
            "min": 45.9427,
            "med": 48.7982,
            "max": 487.3287,
            "p(90)": 51.7978,
            "p(95)": 268.56435
        },
        "vus_max": {
            "value": 3000,
            "min": 3000,
            "max": 3000
        },
        "http_reqs": {
            "count": 31,
            "rate": 1.0266103428051294
        },
        "http_req_receiving": {
            "avg": 0.323558064516129,
            "min": 0,
            "med": 0.1104,
            "max": 1.0448,
            "p(90)": 0.9176,
            "p(95)": 0.9604999999999999
        },
        "vus": {
            "value": 3000,
            "min": 3000,
            "max": 3000
        },
        "http_req_duration{expected_response:true}": {
            "p(90)": 53.3489,
            "p(95)": 269.62170000000003,
            "avg": 78.17612258064516,
            "min": 46.3905,
            "med": 49.9527,
            "max": 488.5732
        },
        "http_req_connecting": {
            "max": 108.7494,
            "p(90)": 42.3737,
            "p(95)": 48.20195,
            "avg": 43.095570967741935,
            "min": 38.5619,
            "med": 40.284
        },
        "http_req_failed": {
            "passes": 0,
            "fails": 31,
            "value": 0
        },
        "iterations": {
            "count": 31,
            "rate": 1.0266103428051294
        },
        "http_req_blocked": {
            "min": 122.9145,
            "med": 127.1203,
            "max": 190.7848,
            "p(90)": 140.8285,
            "p(95)": 148.7851,
            "avg": 130.7837806451613
        },
        "http_req_sending": {
            "avg": 0.6065451612903225,
            "min": 0.0652,
            "med": 0.5072,
            "max": 1.2441,
            "p(90)": 1.0395,
            "p(95)": 1.1113499999999998
        },
        "iteration_duration": {
            "med": 177.9402,
            "max": 618.6008,
            "p(90)": 207.2661,
            "p(95)": 424.46389999999997,
            "avg": 209.0526516129032,
            "min": 169.1573
        },
        "data_sent": {
            "count": 24521,
            "rate": 812.0487811588574
        },
        "data_received": {
            "count": 177692,
            "rate": 5884.530484959002
        },
        "http_req_tls_handshaking": {
            "med": 85.8574,
            "max": 114.309,
            "p(90)": 89.1703,
            "p(95)": 93.68825,
            "avg": 86.82787741935486,
            "min": 81.5999
        }
    },
    "root_group": {
        "path": "",
        "id": "d41d8cd98f00b204e9800998ecf8427e",
        "groups": {},
        "checks": {
                "status = 200": {
                    "name": "status = 200",
                    "path": "::status = 200",
                    "id": "5e90a7a0f7a18f344a4df4657c2138be",
                    "passes": 31,
                    "fails": 0
                }
            },
        "name": ""
    }
}