{
    "root_group": {
        "groups": {},
        "checks": {
                "status = 200": {
                    "name": "status = 200",
                    "path": "::status = 200",
                    "id": "5e90a7a0f7a18f344a4df4657c2138be",
                    "passes": 241,
                    "fails": 0
                }
            },
        "name": "",
        "path": "",
        "id": "d41d8cd98f00b204e9800998ecf8427e"
    },
    "metrics": {
        "http_req_duration{expected_response:true}": {
            "p(95)": 53.4944,
            "avg": 49.55283941908713,
            "min": 44.8846,
            "med": 49.506,
            "max": 58.1575,
            "p(90)": 52.2766
        },
        "iteration_duration": {
            "med": 177.1427,
            "max": 233.7775,
            "p(90)": 183.8569,
            "p(95)": 187.859,
            "avg": 178.88074398340243,
            "min": 170.0317
        },
        "http_req_tls_handshaking": {
            "p(95)": 91.7529,
            "avg": 86.81282199170121,
            "min": 81.5073,
            "med": 85.5502,
            "max": 137.1035,
            "p(90)": 89.2658
        },
        "http_req_connecting": {
            "p(90)": 42.7205,
            "p(95)": 43.5995,
            "avg": 41.29293402489629,
            "min": 38.8502,
            "med": 40.6211,
            "max": 97.2715
        },
        "http_req_waiting": {
            "p(90)": 51.642,
            "p(95)": 52.7539,
            "avg": 48.835633609958506,
            "min": 44.165,
            "med": 48.7706,
            "max": 57.0541
        },
        "checks": {
            "passes": 241,
            "fails": 0,
            "value": 1
        },
        "iterations": {
            "count": 241,
            "rate": 7.984377892111051
        },
        "http_req_duration": {
            "p(90)": 52.2766,
            "p(95)": 53.4944,
            "avg": 49.55283941908713,
            "min": 44.8846,
            "med": 49.506,
            "max": 58.1575
        },
        "http_req_failed": {
            "passes": 0,
            "fails": 241,
            "value": 0
        },
        "vus": {
            "value": 3000,
            "min": 3000,
            "max": 3000
        },
        "http_req_receiving": {
            "med": 0,
            "max": 1.0445,
            "p(90)": 0.8982,
            "p(95)": 0.9391,
            "avg": 0.16509585062240661,
            "min": 0
        },
        "data_sent": {
            "count": 190631,
            "rate": 6315.642912659841
        },
        "http_req_blocked": {
            "p(95)": 136.8695,
            "avg": 128.72077427385895,
            "min": 122.9167,
            "med": 126.9918,
            "max": 184.6715,
            "p(90)": 132.3399
        },
        "http_req_sending": {
            "avg": 0.5521099585062242,
            "min": 0,
            "med": 0.5358,
            "max": 1.3163,
            "p(90)": 0.9476,
            "p(95)": 1.0571
        },
        "vus_max": {
            "value": 3000,
            "min": 3000,
            "max": 3000
        },
        "data_received": {
            "count": 1381412,
            "rate": 45766.45407758054
        },
        "http_reqs": {
            "rate": 7.984377892111051,
            "count": 241
        }
    }
}