{
    "root_group": {
        "name": "",
        "path": "",
        "id": "d41d8cd98f00b204e9800998ecf8427e",
        "groups": {},
        "checks": {
                "status = 200": {
                    "path": "::status = 200",
                    "id": "5e90a7a0f7a18f344a4df4657c2138be",
                    "passes": 240,
                    "fails": 0,
                    "name": "status = 200"
                }
            }
    },
    "metrics": {
        "iteration_duration": {
            "avg": 177.8926054166666,
            "min": 168.5842,
            "med": 176.58195,
            "max": 231.2716,
            "p(90)": 183.19552,
            "p(95)": 187.01316
        },
        "http_req_receiving": {
            "p(95)": 0.915045,
            "avg": 0.23902416666666673,
            "min": 0,
            "med": 0,
            "max": 1.4703,
            "p(90)": 0.76457
        },
        "http_req_failed": {
            "passes": 0,
            "fails": 240,
            "value": 0
        },
        "iterations": {
            "count": 240,
            "rate": 7.985392162409461
        },
        "data_received": {
            "count": 1375680,
            "rate": 45772.26787493103
        },
        "checks": {
            "passes": 240,
            "fails": 0,
            "value": 1
        },
        "http_req_blocked": {
            "p(95)": 134.02907999999996,
            "avg": 127.68634958333337,
            "min": 121.2489,
            "med": 126.50715,
            "max": 177.5275,
            "p(90)": 130.65086
        },
        "http_req_duration{expected_response:true}": {
            "max": 73.3975,
            "p(90)": 52.796209999999995,
            "p(95)": 53.725855,
            "avg": 49.80495541666668,
            "min": 44.9435,
            "med": 49.373
        },
        "http_req_tls_handshaking": {
            "med": 85.02195,
            "max": 136.7235,
            "p(90)": 89.10338,
            "p(95)": 90.83882499999999,
            "avg": 85.95355458333327,
            "min": 80.3236
        },
        "http_req_sending": {
            "avg": 0.5269158333333336,
            "min": 0,
            "med": 0.5194000000000001,
            "max": 1.3344,
            "p(90)": 0.9858999999999999,
            "p(95)": 1.0945049999999996
        },
        "http_req_waiting": {
            "min": 43.8784,
            "med": 48.59975,
            "max": 72.8814,
            "p(90)": 52.13194,
            "p(95)": 53.150684999999996,
            "avg": 49.03901541666672
        },
        "http_reqs": {
            "count": 240,
            "rate": 7.985392162409461
        },
        "vus_max": {
            "value": 3000,
            "min": 3000,
            "max": 3000
        },
        "vus": {
            "value": 3000,
            "min": 3000,
            "max": 3000
        },
        "http_req_duration": {
            "med": 49.373,
            "max": 73.3975,
            "p(90)": 52.796209999999995,
            "p(95)": 53.725855,
            "avg": 49.80495541666668,
            "min": 44.9435
        },
        "http_req_connecting": {
            "p(90)": 42.35101,
            "p(95)": 43.440924999999986,
            "avg": 41.18359791666667,
            "min": 38.7149,
            "med": 40.5873,
            "max": 72.8814
        },
        "data_sent": {
            "count": 189840,
            "rate": 6316.445200465884
        }
    }
}