{
    "metrics": {
        "http_req_duration{expected_response:true}": {
            "p(95)": 58.168,
            "avg": 60.80810890161375,
            "min": 45.1772,
            "med": 50.5523,
            "max": 811.7167,
            "p(90)": 54.5203
        },
        "vus": {
            "value": 3000,
            "min": 3000,
            "max": 3000
        },
        "http_req_receiving": {
            "avg": 0.1960005205622073,
            "min": 0,
            "med": 0,
            "max": 14.461,
            "p(90)": 0.6976,
            "p(95)": 0.9116
        },
        "http_reqs": {
            "count": 1921,
            "rate": 63.63489573642621
        },
        "http_req_sending": {
            "max": 1.6061,
            "p(90)": 0.8642,
            "p(95)": 0.9731,
            "avg": 0.396439927121291,
            "min": 0,
            "med": 0.395
        },
        "http_req_waiting": {
            "min": 44.8174,
            "med": 49.9281,
            "max": 811.7167,
            "p(90)": 53.9049,
            "p(95)": 57.4667,
            "avg": 60.21566845393024
        },
        "http_req_duration": {
            "p(95)": 58.168,
            "avg": 60.80810890161375,
            "min": 45.1772,
            "med": 50.5523,
            "max": 811.7167,
            "p(90)": 54.5203
        },
        "iteration_duration": {
            "avg": 192.7515725663714,
            "min": 170.5505,
            "med": 181.3184,
            "max": 940.1638,
            "p(90)": 190.21,
            "p(95)": 209.0869
        },
        "checks": {
            "passes": 1921,
            "fails": 0,
            "value": 1
        },
        "vus_max": {
            "value": 3000,
            "min": 3000,
            "max": 3000
        },
        "http_req_blocked": {
            "p(95)": 139.721,
            "avg": 131.75782581988537,
            "min": 123.5112,
            "med": 130.2072,
            "max": 212.8659,
            "p(90)": 135.7423
        },
        "http_req_failed": {
            "passes": 0,
            "fails": 1921,
            "value": 0
        },
        "data_received": {
            "count": 11011172,
            "rate": 364755.222361195
        },
        "http_req_tls_handshaking": {
            "avg": 88.62749708485173,
            "min": 82.5696,
            "med": 87.6044,
            "max": 157.0215,
            "p(90)": 91.8609,
            "p(95)": 94.3969
        },
        "data_sent": {
            "rate": 50335.20252751313,
            "count": 1519511
        },
        "http_req_connecting": {
            "p(95)": 45.953,
            "avg": 42.698237532535124,
            "min": 39.4774,
            "med": 41.883,
            "max": 117.3514,
            "p(90)": 44.4584
        },
        "iterations": {
            "count": 1921,
            "rate": 63.63489573642621
        }
    },
    "root_group": {
        "name": "",
        "path": "",
        "id": "d41d8cd98f00b204e9800998ecf8427e",
        "groups": {},
        "checks": {
                "status = 200": {
                    "passes": 1921,
                    "fails": 0,
                    "name": "status = 200",
                    "path": "::status = 200",
                    "id": "5e90a7a0f7a18f344a4df4657c2138be"
                }
            }
    }
}