{
    "root_group": {
        "id": "d41d8cd98f00b204e9800998ecf8427e",
        "groups": {},
        "checks": {
                "status = 200": {
                    "fails": 0,
                    "name": "status = 200",
                    "path": "::status = 200",
                    "id": "5e90a7a0f7a18f344a4df4657c2138be",
                    "passes": 61
                }
            },
        "name": "",
        "path": ""
    },
    "metrics": {
        "http_reqs": {
            "count": 61,
            "rate": 2.020138020730895
        },
        "http_req_failed": {
            "passes": 0,
            "fails": 61,
            "value": 0
        },
        "http_req_duration": {
            "avg": 71.66990491803278,
            "min": 45.4529,
            "med": 48.8389,
            "max": 645.6706,
            "p(90)": 51.824,
            "p(95)": 145.9818
        },
        "http_req_blocked": {
            "avg": 128.8043704918033,
            "min": 122.6929,
            "med": 127.0859,
            "max": 177.2781,
            "p(90)": 131.9109,
            "p(95)": 142.2655
        },
        "http_req_connecting": {
            "max": 46.33,
            "p(90)": 42.397,
            "p(95)": 43.2671,
            "avg": 40.739632786885245,
            "min": 38.6273,
            "med": 40.4208
        },
        "http_req_duration{expected_response:true}": {
            "max": 645.6706,
            "p(90)": 51.824,
            "p(95)": 145.9818,
            "avg": 71.66990491803278,
            "min": 45.4529,
            "med": 48.8389
        },
        "checks": {
            "passes": 61,
            "fails": 0,
            "value": 1
        },
        "http_req_waiting": {
            "p(90)": 51.1325,
            "p(95)": 145.4532,
            "avg": 70.90700163934427,
            "min": 45.0556,
            "med": 48.1893,
            "max": 645.2403
        },
        "iteration_duration": {
            "avg": 200.91528852459012,
            "min": 168.3535,
            "med": 176.3755,
            "max": 776.4706,
            "p(90)": 194.7913,
            "p(95)": 273.634
        },
        "vus": {
            "value": 3000,
            "min": 3000,
            "max": 3000
        },
        "http_req_tls_handshaking": {
            "avg": 87.3678262295082,
            "min": 81.2359,
            "med": 85.425,
            "max": 136.1381,
            "p(90)": 89.8265,
            "p(95)": 99.9345
        },
        "http_req_sending": {
            "avg": 0.5971377049180329,
            "min": 0,
            "med": 0.5286,
            "max": 1.2597,
            "p(90)": 1.0058,
            "p(95)": 1.0608
        },
        "data_sent": {
            "rate": 1597.9291743981378,
            "count": 48251
        },
        "iterations": {
            "count": 61,
            "rate": 2.020138020730895
        },
        "vus_max": {
            "value": 3000,
            "min": 3000,
            "max": 3000
        },
        "data_received": {
            "count": 349652,
            "rate": 11579.431134829489
        },
        "http_req_receiving": {
            "avg": 0.16576557377049178,
            "min": 0,
            "med": 0,
            "max": 0.9973,
            "p(90)": 0.828,
            "p(95)": 0.9143
        }
    }
}