{
    "root_group": {
        "groups": {},
        "checks": {
                "status = 200": {
                    "path": "::status = 200",
                    "id": "5e90a7a0f7a18f344a4df4657c2138be",
                    "passes": 31,
                    "fails": 0,
                    "name": "status = 200"
                }
            },
        "name": "",
        "path": "",
        "id": "d41d8cd98f00b204e9800998ecf8427e"
    },
    "metrics": {
        "iterations": {
            "count": 31,
            "rate": 1.0265436062527884
        },
        "http_req_sending": {
            "max": 6.2492,
            "p(90)": 2.4814,
            "p(95)": 2.70465,
            "avg": 1.4172870967741935,
            "min": 0,
            "med": 1.0142
        },
        "http_req_tls_handshaking": {
            "avg": 93.80636774193547,
            "min": 83.8389,
            "med": 91.6466,
            "max": 115.2539,
            "p(90)": 100.4694,
            "p(95)": 101.41375
        },
        "http_req_duration": {
            "p(95)": 71.89099999999999,
            "avg": 78.25832580645162,
            "min": 47.617,
            "med": 52.7259,
            "max": 791.3771,
            "p(90)": 65.8061
        },
        "iteration_duration": {
            "avg": 218.04276774193548,
            "min": 175.1011,
            "med": 193.3438,
            "max": 925.0589,
            "p(90)": 214.9135,
            "p(95)": 242.35655
        },
        "http_req_failed": {
            "passes": 0,
            "fails": 31,
            "value": 0
        },
        "data_received": {
            "count": 177692,
            "rate": 5884.147951040983
        },
        "vus": {
            "value": 3000,
            "min": 3000,
            "max": 3000
        },
        "vus_max": {
            "value": 3000,
            "min": 3000,
            "max": 3000
        },
        "http_req_duration{expected_response:true}": {
            "avg": 78.25832580645162,
            "min": 47.617,
            "med": 52.7259,
            "max": 791.3771,
            "p(90)": 65.8061,
            "p(95)": 71.89099999999999
        },
        "checks": {
            "fails": 0,
            "passes": 31,
            "value": 1
        },
        "http_req_blocked": {
            "avg": 138.3759387096774,
            "min": 124.9766,
            "med": 134.2654,
            "max": 214.6503,
            "p(90)": 145.6324,
            "p(95)": 147.236
        },
        "http_req_receiving": {
            "med": 0.4983,
            "max": 1.1361,
            "p(90)": 0.9926,
            "p(95)": 1.0064,
            "avg": 0.5214032258064516,
            "min": 0
        },
        "http_req_connecting": {
            "min": 40.0355,
            "med": 41.4369,
            "max": 45.0754,
            "p(90)": 43.482,
            "p(95)": 44.1254,
            "avg": 41.63772903225806
        },
        "http_reqs": {
            "count": 31,
            "rate": 1.0265436062527884
        },
        "data_sent": {
            "count": 24521,
            "rate": 811.9959925459556
        },
        "http_req_waiting": {
            "min": 45.0618,
            "med": 50.7151,
            "max": 789.4324,
            "p(90)": 62.9885,
            "p(95)": 69.75735,
            "avg": 76.31963548387097
        }
    }
}