{
    "root_group": {
        "name": "",
        "path": "",
        "id": "d41d8cd98f00b204e9800998ecf8427e",
        "groups": {},
        "checks": {
                "status = 200": {
                    "passes": 961,
                    "fails": 0,
                    "name": "status = 200",
                    "path": "::status = 200",
                    "id": "5e90a7a0f7a18f344a4df4657c2138be"
                }
            }
    },
    "metrics": {
        "checks": {
            "passes": 961,
            "fails": 0,
            "value": 1
        },
        "data_received": {
            "count": 5508452,
            "rate": 182511.84582940114
        },
        "http_req_tls_handshaking": {
            "p(90)": 87.7069,
            "p(95)": 91.9675,
            "avg": 85.21186066597281,
            "min": 79.5923,
            "med": 83.5213,
            "max": 455.7031
        },
        "http_req_waiting": {
            "max": 1032.1637,
            "p(90)": 52.3197,
            "p(95)": 55.8662,
            "avg": 65.38860301768983,
            "min": 43.959,
            "med": 48.439
        },
        "http_req_blocked": {
            "avg": 126.85173756503627,
            "min": 119.5621,
            "med": 124.5128,
            "max": 496.5993,
            "p(90)": 130.3467,
            "p(95)": 135.8937
        },
        "vus": {
            "value": 3000,
            "min": 3000,
            "max": 3000
        },
        "http_req_duration{expected_response:true}": {
            "max": 1032.7982,
            "p(90)": 53.1404,
            "p(95)": 56.8514,
            "avg": 66.20659698231007,
            "min": 44.4813,
            "med": 49.2685
        },
        "http_req_connecting": {
            "avg": 41.111362643080135,
            "min": 38.2007,
            "med": 40.4026,
            "max": 97.1891,
            "p(90)": 42.5165,
            "p(95)": 43.5624
        },
        "http_req_receiving": {
            "min": 0,
            "med": 0.3371,
            "max": 2.628,
            "p(90)": 0.9065,
            "p(95)": 0.9781,
            "avg": 0.4039180020811656
        },
        "iterations": {
            "rate": 31.840866334508227,
            "count": 961
        },
        "http_reqs": {
            "count": 961,
            "rate": 31.840866334508227
        },
        "http_req_failed": {
            "passes": 0,
            "fails": 961,
            "value": 0
        },
        "data_sent": {
            "count": 760151,
            "rate": 25186.125270596007
        },
        "vus_max": {
            "min": 3000,
            "max": 3000,
            "value": 3000
        },
        "http_req_sending": {
            "max": 1.2082,
            "p(90)": 0.8882,
            "p(95)": 0.9663,
            "avg": 0.41407596253902174,
            "min": 0,
            "med": 0.3714
        },
        "http_req_duration": {
            "avg": 66.20659698231007,
            "min": 44.4813,
            "med": 49.2685,
            "max": 1032.7982,
            "p(90)": 53.1404,
            "p(95)": 56.8514
        },
        "iteration_duration": {
            "min": 166.0189,
            "med": 174.2208,
            "max": 1155.2101,
            "p(90)": 183.9649,
            "p(95)": 210.2755,
            "avg": 192.9651878251819
        }
    }
}