{
    "metrics": {
        "http_req_receiving": {
            "med": 0.4249,
            "max": 1.1466,
            "p(90)": 0.926,
            "p(95)": 0.987,
            "avg": 0.46394979253112034,
            "min": 0
        },
        "http_req_failed": {
            "fails": 241,
            "passes": 0,
            "value": 0
        },
        "vus_max": {
            "value": 3000,
            "min": 3000,
            "max": 3000
        },
        "http_req_connecting": {
            "p(95)": 48.7162,
            "avg": 45.49369128630705,
            "min": 38.669,
            "med": 40.5373,
            "max": 476.7009,
            "p(90)": 42.9997
        },
        "http_req_duration{expected_response:true}": {
            "p(90)": 53.2629,
            "p(95)": 57.0841,
            "avg": 66.17247344398336,
            "min": 45.0137,
            "med": 49.7147,
            "max": 970.6812
        },
        "http_req_blocked": {
            "med": 125.0914,
            "max": 647.5015,
            "p(90)": 133.7851,
            "p(95)": 141.7549,
            "avg": 133.20852904564313,
            "min": 120.8775
        },
        "data_sent": {
            "count": 190631,
            "rate": 6317.048785195442
        },
        "http_req_tls_handshaking": {
            "min": 80.3491,
            "med": 83.6378,
            "max": 584.1869,
            "p(90)": 89.1684,
            "p(95)": 91.9155,
            "avg": 87.19214771784229
        },
        "iteration_duration": {
            "avg": 199.27112323651463,
            "min": 167.3537,
            "med": 175.1745,
            "max": 1098.1327,
            "p(90)": 188.273,
            "p(95)": 235.2675
        },
        "iterations": {
            "count": 241,
            "rate": 7.986155227807132
        },
        "http_req_sending": {
            "max": 1.3253,
            "p(90)": 0.9749,
            "p(95)": 1.0462,
            "avg": 0.49832489626556026,
            "min": 0,
            "med": 0.4968
        },
        "http_req_waiting": {
            "avg": 65.21019875518671,
            "min": 43.6473,
            "med": 48.7674,
            "max": 970.4471,
            "p(90)": 52.2047,
            "p(95)": 56.0193
        },
        "http_req_duration": {
            "min": 45.0137,
            "med": 49.7147,
            "max": 970.6812,
            "p(90)": 53.2629,
            "p(95)": 57.0841,
            "avg": 66.17247344398336
        },
        "checks": {
            "passes": 241,
            "fails": 0,
            "value": 1
        },
        "vus": {
            "min": 3000,
            "max": 3000,
            "value": 3000
        },
        "http_reqs": {
            "count": 241,
            "rate": 7.986155227807132
        },
        "data_received": {
            "count": 1381412,
            "rate": 45776.64176579048
        }
    },
    "root_group": {
        "name": "",
        "path": "",
        "id": "d41d8cd98f00b204e9800998ecf8427e",
        "groups": {},
        "checks": {
                "status = 200": {
                    "id": "5e90a7a0f7a18f344a4df4657c2138be",
                    "passes": 241,
                    "fails": 0,
                    "name": "status = 200",
                    "path": "::status = 200"
                }
            }
    }
}