{
    "root_group": {
        "name": "",
        "path": "",
        "id": "d41d8cd98f00b204e9800998ecf8427e",
        "groups": {},
        "checks": {
                "status = 200": {
                    "passes": 1920,
                    "fails": 0,
                    "name": "status = 200",
                    "path": "::status = 200",
                    "id": "5e90a7a0f7a18f344a4df4657c2138be"
                }
            }
    },
    "metrics": {
        "http_req_blocked": {
            "max": 201.5723,
            "p(90)": 137.6518,
            "p(95)": 142.81541,
            "avg": 133.16466874999998,
            "min": 124.6162,
            "med": 131.45485
        },
        "http_req_tls_handshaking": {
            "p(90)": 93.00328999999999,
            "p(95)": 95.75121,
            "avg": 89.72878312499998,
            "min": 82.783,
            "med": 88.57079999999999,
            "max": 157.839
        },
        "http_req_sending": {
            "p(90)": 0.87572,
            "p(95)": 0.9839249999999999,
            "avg": 0.42137786458333276,
            "min": 0,
            "med": 0.4299,
            "max": 1.7797
        },
        "iterations": {
            "rate": 63.63863100364856,
            "count": 1920
        },
        "vus_max": {
            "min": 3000,
            "max": 3000,
            "value": 3000
        },
        "http_req_duration{expected_response:true}": {
            "avg": 90.58141046874974,
            "min": 44.9509,
            "med": 50.8786,
            "max": 1539.8955,
            "p(90)": 55.36748,
            "p(95)": 103.99068499999973
        },
        "http_req_connecting": {
            "avg": 42.95984651041656,
            "min": 39.5469,
            "med": 42.107150000000004,
            "max": 102.1403,
            "p(90)": 45.08835,
            "p(95)": 46.88605
        },
        "http_req_failed": {
            "passes": 0,
            "fails": 1920,
            "value": 0
        },
        "checks": {
            "passes": 1920,
            "fails": 0,
            "value": 1
        },
        "iteration_duration": {
            "max": 1672.217,
            "p(90)": 196.14360000000002,
            "p(95)": 251.0707,
            "avg": 224.0083805729169,
            "min": 172.4003,
            "med": 183.00635
        },
        "data_sent": {
            "count": 1518720,
            "rate": 50338.15712388601
        },
        "http_req_duration": {
            "max": 1539.8955,
            "p(90)": 55.36748,
            "p(95)": 103.99068499999973,
            "avg": 90.58141046874974,
            "min": 44.9509,
            "med": 50.8786
        },
        "vus": {
            "max": 3000,
            "value": 3000,
            "min": 3000
        },
        "http_reqs": {
            "count": 1920,
            "rate": 63.63863100364856
        },
        "data_received": {
            "count": 11005440,
            "rate": 364776.63291291357
        },
        "http_req_waiting": {
            "avg": 89.95733062499997,
            "min": 44.607,
            "med": 50.2859,
            "max": 1538.8041,
            "p(90)": 54.77819,
            "p(95)": 103.48872999999973
        },
        "http_req_receiving": {
            "max": 5.9469,
            "p(90)": 0.6531800000000003,
            "p(95)": 0.9134399999999999,
            "avg": 0.2027019791666666,
            "min": 0,
            "med": 0
        }
    }
}