{
    "metrics": {
        "http_req_duration": {
            "p(95)": 578.6624,
            "avg": 122.2273943808533,
            "min": 45.2213,
            "med": 50.6977,
            "max": 2080.9593,
            "p(90)": 66.6887
        },
        "http_req_blocked": {
            "max": 193.3745,
            "p(90)": 135.9912,
            "p(95)": 142.0879,
            "avg": 129.98874994797072,
            "min": 121.3455,
            "med": 128.2468
        },
        "http_req_waiting": {
            "min": 44.7387,
            "med": 49.9005,
            "max": 2080.0833,
            "p(90)": 66.551,
            "p(95)": 578.5745,
            "avg": 121.42864328824157
        },
        "http_req_duration{expected_response:true}": {
            "med": 50.6977,
            "max": 2080.9593,
            "p(90)": 66.6887,
            "p(95)": 578.6624,
            "avg": 122.2273943808533,
            "min": 45.2213
        },
        "http_req_connecting": {
            "min": 39.1008,
            "med": 41.5047,
            "max": 98.6717,
            "p(90)": 44.1344,
            "p(95)": 46.9471,
            "avg": 42.3902728407909
        },
        "http_req_failed": {
            "passes": 0,
            "fails": 961,
            "value": 0
        },
        "http_req_receiving": {
            "avg": 0.385507180020811,
            "min": 0,
            "med": 0.3419,
            "max": 1.6844,
            "p(90)": 0.9055,
            "p(95)": 0.9705
        },
        "checks": {
            "passes": 961,
            "fails": 0,
            "value": 1
        },
        "http_req_sending": {
            "med": 0.3882,
            "max": 1.1321,
            "p(90)": 0.9217,
            "p(95)": 0.995,
            "avg": 0.4132439125910504,
            "min": 0
        },
        "iterations": {
            "rate": 31.839775517191267,
            "count": 961
        },
        "vus_max": {
            "value": 3000,
            "min": 3000,
            "max": 3000
        },
        "http_req_tls_handshaking": {
            "max": 149.399,
            "p(90)": 91.4869,
            "p(95)": 96.1877,
            "avg": 87.18182996878282,
            "min": 80.4558,
            "med": 85.9633
        },
        "data_sent": {
            "count": 760151,
            "rate": 25185.26243409829
        },
        "data_received": {
            "count": 5508452,
            "rate": 182505.59326454034
        },
        "http_reqs": {
            "count": 961,
            "rate": 31.839775517191267
        },
        "iteration_duration": {
            "min": 168.9837,
            "med": 179.3653,
            "max": 2209.6302,
            "p(90)": 217.4099,
            "p(95)": 709.1043,
            "avg": 252.0875069719047
        },
        "vus": {
            "value": 3000,
            "min": 3000,
            "max": 3000
        }
    },
    "root_group": {
        "name": "",
        "path": "",
        "id": "d41d8cd98f00b204e9800998ecf8427e",
        "groups": {},
        "checks": {
                "status = 200": {
                    "name": "status = 200",
                    "path": "::status = 200",
                    "id": "5e90a7a0f7a18f344a4df4657c2138be",
                    "passes": 961,
                    "fails": 0
                }
            }
    }
}