{
    "metrics": {
        "iterations": {
            "count": 61,
            "rate": 2.02093543336575
        },
        "http_reqs": {
            "count": 61,
            "rate": 2.02093543336575
        },
        "data_received": {
            "count": 349652,
            "rate": 11584.001904052478
        },
        "vus_max": {
            "value": 3000,
            "min": 3000,
            "max": 3000
        },
        "http_req_duration": {
            "min": 45.3695,
            "med": 52.1391,
            "max": 1164.4663,
            "p(90)": 758.9091,
            "p(95)": 951.9548,
            "avg": 236.40807377049182
        },
        "http_req_failed": {
            "fails": 61,
            "passes": 0,
            "value": 0
        },
        "data_sent": {
            "count": 48251,
            "rate": 1598.5599277923081
        },
        "http_req_blocked": {
            "avg": 128.64781639344258,
            "min": 121.2853,
            "med": 126.8113,
            "max": 163.9851,
            "p(90)": 132.6377,
            "p(95)": 135.8551
        },
        "iteration_duration": {
            "p(95)": 1084.5954,
            "avg": 365.2559950819673,
            "min": 172.4831,
            "med": 180.41,
            "max": 1296.5862,
            "p(90)": 887.7285
        },
        "http_req_connecting": {
            "avg": 41.43891475409837,
            "min": 39.0028,
            "med": 40.4812,
            "max": 74.6388,
            "p(90)": 42.24,
            "p(95)": 43.0048
        },
        "vus": {
            "value": 3000,
            "min": 3000,
            "max": 3000
        },
        "http_req_receiving": {
            "p(90)": 0.9096,
            "p(95)": 0.9929,
            "avg": 0.26864754098360655,
            "min": 0,
            "med": 0,
            "max": 1.0744
        },
        "http_req_tls_handshaking": {
            "min": 81.6718,
            "med": 85.1703,
            "max": 120.3612,
            "p(90)": 89.4577,
            "p(95)": 91.277,
            "avg": 86.49623770491803
        },
        "http_req_duration{expected_response:true}": {
            "avg": 236.40807377049182,
            "min": 45.3695,
            "med": 52.1391,
            "max": 1164.4663,
            "p(90)": 758.9091,
            "p(95)": 951.9548
        },
        "http_req_waiting": {
            "p(95)": 951.6287,
            "avg": 235.51200000000003,
            "min": 44.8335,
            "med": 51.4272,
            "max": 1163.2641,
            "p(90)": 758.0845
        },
        "checks": {
            "passes": 61,
            "fails": 0,
            "value": 1
        },
        "http_req_sending": {
            "avg": 0.6274262295081968,
            "min": 0,
            "med": 0.5783,
            "max": 1.3575,
            "p(90)": 1.0585,
            "p(95)": 1.1562
        }
    },
    "root_group": {
        "checks": {
            "status = 200": {
                "name": "status = 200",
                "path": "::status = 200",
                "id": "5e90a7a0f7a18f344a4df4657c2138be",
                "passes": 61,
                "fails": 0
            }
        },
        "name": "",
        "path": "",
        "id": "d41d8cd98f00b204e9800998ecf8427e",
        "groups": {}
    }
}