{
    "root_group": {
        "name": "",
        "path": "",
        "id": "d41d8cd98f00b204e9800998ecf8427e",
        "groups": {},
        "checks": {
                "status = 200": {
                    "name": "status = 200",
                    "path": "::status = 200",
                    "id": "5e90a7a0f7a18f344a4df4657c2138be",
                    "passes": 31,
                    "fails": 0
                }
            }
    },
    "metrics": {
        "http_reqs": {
            "count": 31,
            "rate": 1.0269106949664835
        },
        "http_req_duration": {
            "min": 46.1375,
            "med": 50.6709,
            "max": 55.8245,
            "p(90)": 52.8351,
            "p(95)": 54.75275,
            "avg": 50.74757741935483
        },
        "vus_max": {
            "value": 3000,
            "min": 1081,
            "max": 3000
        },
        "vus": {
            "value": 3000,
            "min": 0,
            "max": 3000
        },
        "http_req_connecting": {
            "med": 40.6566,
            "max": 45.8943,
            "p(90)": 44.3007,
            "p(95)": 44.7362,
            "avg": 41.3039064516129,
            "min": 38.6514
        },
        "http_req_blocked": {
            "p(90)": 139.194,
            "p(95)": 145.27755000000002,
            "avg": 138.77129032258065,
            "min": 124.67,
            "med": 130.3372,
            "max": 378.3741
        },
        "iteration_duration": {
            "avg": 190.23964193548392,
            "min": 173.8756,
            "med": 181.4121,
            "max": 432.2585,
            "p(90)": 192.4369,
            "p(95)": 198.81465
        },
        "iterations": {
            "count": 31,
            "rate": 1.0269106949664835
        },
        "http_req_receiving": {
            "avg": 0.6096645161290323,
            "min": 0,
            "med": 0.6263,
            "max": 1.1537,
            "p(90)": 1.083,
            "p(95)": 1.11675
        },
        "data_sent": {
            "count": 24521,
            "rate": 812.2863597184885
        },
        "http_req_duration{expected_response:true}": {
            "avg": 50.74757741935483,
            "min": 46.1375,
            "med": 50.6709,
            "max": 55.8245,
            "p(90)": 52.8351,
            "p(95)": 54.75275
        },
        "http_req_waiting": {
            "avg": 49.37577096774193,
            "min": 44.7282,
            "med": 49.092,
            "max": 53.8613,
            "p(90)": 51.961,
            "p(95)": 53.035849999999996
        },
        "http_req_failed": {
            "passes": 0,
            "fails": 31,
            "value": 0
        },
        "http_req_sending": {
            "avg": 0.7621419354838711,
            "min": 0.1265,
            "med": 0.7609,
            "max": 2.0062,
            "p(90)": 1.4542,
            "p(95)": 1.4792
        },
        "http_req_tls_handshaking": {
            "p(95)": 103.1276,
            "avg": 95.00136774193548,
            "min": 83.0487,
            "med": 88.1208,
            "max": 286.1796,
            "p(90)": 93.7003
        },
        "data_received": {
            "count": 177692,
            "rate": 5886.252103547884
        },
        "checks": {
            "passes": 31,
            "fails": 0,
            "value": 1
        }
    }
}