{
    "root_group": {
        "name": "",
        "path": "",
        "id": "d41d8cd98f00b204e9800998ecf8427e",
        "groups": {},
        "checks": {
                "status = 200": {
                    "name": "status = 200",
                    "path": "::status = 200",
                    "id": "5e90a7a0f7a18f344a4df4657c2138be",
                    "passes": 240,
                    "fails": 0
                }
            }
    },
    "metrics": {
        "http_req_receiving": {
            "max": 1.0624,
            "p(90)": 0.8758499999999999,
            "p(95)": 0.94914,
            "avg": 0.4083249999999999,
            "min": 0,
            "med": 0.3556
        },
        "http_req_tls_handshaking": {
            "min": 80.5133,
            "med": 83.6723,
            "max": 140.3152,
            "p(90)": 87.50175999999999,
            "p(95)": 89.07804999999999,
            "avg": 84.73136208333335
        },
        "http_req_blocked": {
            "p(95)": 134.89974499999997,
            "avg": 126.6782370833333,
            "min": 120.5355,
            "med": 124.88015,
            "max": 197.1567,
            "p(90)": 129.32765
        },
        "checks": {
            "passes": 240,
            "fails": 0,
            "value": 1
        },
        "http_reqs": {
            "count": 240,
            "rate": 7.982306286846138
        },
        "vus_max": {
            "min": 3000,
            "max": 3000,
            "value": 3000
        },
        "iteration_duration": {
            "p(95)": 184.55931999999996,
            "avg": 176.87849375000005,
            "min": 168.7774,
            "med": 175.05755,
            "max": 250.7772,
            "p(90)": 180.92768999999998
        },
        "data_received": {
            "rate": 45754.57963620206,
            "count": 1375680
        },
        "http_req_waiting": {
            "p(95)": 53.481955,
            "avg": 49.35577333333334,
            "min": 44.0203,
            "med": 48.9564,
            "max": 72.8802,
            "p(90)": 51.93386
        },
        "http_req_sending": {
            "p(95)": 1.0134249999999996,
            "avg": 0.47607833333333355,
            "min": 0,
            "med": 0.46045,
            "max": 1.1153,
            "p(90)": 0.93475
        },
        "http_req_duration{expected_response:true}": {
            "avg": 50.240176666666684,
            "min": 45.3365,
            "med": 49.81035,
            "max": 73.3859,
            "p(90)": 52.84885,
            "p(95)": 54.35496
        },
        "http_req_duration": {
            "avg": 50.240176666666684,
            "min": 45.3365,
            "med": 49.81035,
            "max": 73.3859,
            "p(90)": 52.84885,
            "p(95)": 54.35496
        },
        "vus": {
            "value": 3000,
            "min": 3000,
            "max": 3000
        },
        "http_req_failed": {
            "passes": 0,
            "fails": 240,
            "value": 0
        },
        "iterations": {
            "count": 240,
            "rate": 7.982306286846138
        },
        "http_req_connecting": {
            "p(95)": 45.281414999999974,
            "avg": 41.460860000000004,
            "min": 38.9045,
            "med": 40.4976,
            "max": 88.4442,
            "p(90)": 43.018119999999996
        },
        "data_sent": {
            "count": 189840,
            "rate": 6314.004272895296
        }
    }
}