{
    "root_group": {
        "id": "d41d8cd98f00b204e9800998ecf8427e",
        "groups": {},
        "checks": {
                "status = 200": {
                    "fails": 0,
                    "name": "status = 200",
                    "path": "::status = 200",
                    "id": "5e90a7a0f7a18f344a4df4657c2138be",
                    "passes": 30
                }
            },
        "name": "",
        "path": ""
    },
    "metrics": {
        "iterations": {
            "rate": 0.9997437623412327,
            "count": 30
        },
        "http_req_connecting": {
            "min": 39.4826,
            "med": 40.60795,
            "max": 161.1426,
            "p(90)": 43.62161,
            "p(95)": 62.07697999999991,
            "avg": 46.01403
        },
        "http_req_waiting": {
            "avg": 95.33512666666665,
            "min": 45.8327,
            "med": 49.30215,
            "max": 729.7363,
            "p(90)": 64.97869000000001,
            "p(95)": 431.68237499999816
        },
        "data_sent": {
            "count": 23730,
            "rate": 790.7973160119151
        },
        "http_reqs": {
            "count": 30,
            "rate": 0.9997437623412327
        },
        "checks": {
            "passes": 30,
            "fails": 0,
            "value": 1
        },
        "iteration_duration": {
            "min": 169.4215,
            "med": 178.68075,
            "max": 859.9636,
            "p(90)": 372.8540900000005,
            "p(95)": 771.1441499999994,
            "avg": 246.57257333333337
        },
        "http_req_blocked": {
            "avg": 149.87157333333332,
            "min": 122.6274,
            "med": 127.87434999999999,
            "max": 593.7238,
            "p(90)": 138.98767000000004,
            "p(95)": 231.71241499999965
        },
        "http_req_receiving": {
            "med": 0,
            "max": 1.1254,
            "p(90)": 0.9097900000000001,
            "p(95)": 0.9984249999999999,
            "avg": 0.1902866666666667,
            "min": 0
        },
        "http_req_failed": {
            "passes": 0,
            "fails": 30,
            "value": 0
        },
        "http_req_duration{expected_response:true}": {
            "avg": 96.05886333333333,
            "min": 45.8626,
            "med": 49.80135,
            "max": 730.0648,
            "p(90)": 65.69379,
            "p(95)": 432.3556149999981
        },
        "data_received": {
            "count": 171960,
            "rate": 5730.531245739946
        },
        "http_req_sending": {
            "avg": 0.53345,
            "min": 0,
            "med": 0.499,
            "max": 1.1955,
            "p(90)": 0.9983299999999999,
            "p(95)": 1.00302
        },
        "vus_max": {
            "value": 3000,
            "min": 1363,
            "max": 3000
        },
        "http_req_duration": {
            "p(90)": 65.69379,
            "p(95)": 432.3556149999981,
            "avg": 96.05886333333333,
            "min": 45.8626,
            "med": 49.80135,
            "max": 730.0648
        },
        "vus": {
            "value": 3000,
            "min": 0,
            "max": 3000
        },
        "http_req_tls_handshaking": {
            "max": 453.4321,
            "p(90)": 92.07291000000001,
            "p(95)": 104.45280999999996,
            "avg": 99.36215333333334,
            "min": 82.5263,
            "med": 85.85159999999999
        }
    }
}