{
    "root_group": {
        "name": "",
        "path": "",
        "id": "d41d8cd98f00b204e9800998ecf8427e",
        "groups": {},
        "checks": {
                "status = 200": {
                    "passes": 1921,
                    "fails": 0,
                    "name": "status = 200",
                    "path": "::status = 200",
                    "id": "5e90a7a0f7a18f344a4df4657c2138be"
                }
            }
    },
    "metrics": {
        "iteration_duration": {
            "avg": 199.72538386257162,
            "min": 173.6255,
            "med": 184.3347,
            "max": 1021.4858,
            "p(90)": 193.5433,
            "p(95)": 213.9103
        },
        "http_req_duration": {
            "med": 51.0819,
            "max": 831.0787,
            "p(90)": 55.2588,
            "p(95)": 60.074,
            "avg": 65.44712233211864,
            "min": 45.265
        },
        "http_req_sending": {
            "p(95)": 1.0099,
            "avg": 0.42585950026028074,
            "min": 0,
            "med": 0.4442,
            "max": 1.3126,
            "p(90)": 0.8746
        },
        "data_received": {
            "count": 11011172,
            "rate": 364630.0531402499
        },
        "http_req_receiving": {
            "avg": 0.18537267048412276,
            "min": 0,
            "med": 0,
            "max": 5.0956,
            "p(90)": 0.6724,
            "p(95)": 0.925
        },
        "data_sent": {
            "count": 1519511,
            "rate": 50317.92952441341
        },
        "iterations": {
            "rate": 63.61305881721038,
            "count": 1921
        },
        "http_req_waiting": {
            "avg": 64.83589016137437,
            "min": 44.9795,
            "med": 50.4815,
            "max": 831.0787,
            "p(90)": 54.4912,
            "p(95)": 59.5137
        },
        "http_req_blocked": {
            "min": 124.5754,
            "med": 132.3365,
            "max": 202.5953,
            "p(90)": 138.9302,
            "p(95)": 141.7675,
            "avg": 133.9716545549192
        },
        "http_reqs": {
            "count": 1921,
            "rate": 63.61305881721038
        },
        "http_req_duration{expected_response:true}": {
            "avg": 65.44712233211864,
            "min": 45.265,
            "med": 51.0819,
            "max": 831.0787,
            "p(90)": 55.2588,
            "p(95)": 60.074
        },
        "vus_max": {
            "value": 3000,
            "min": 3000,
            "max": 3000
        },
        "http_req_tls_handshaking": {
            "p(90)": 94.2162,
            "p(95)": 96.8965,
            "avg": 90.37163805309744,
            "min": 83.334,
            "med": 89.3205,
            "max": 152.5996
        },
        "http_req_connecting": {
            "avg": 43.11088344612173,
            "min": 39.2678,
            "med": 42.3404,
            "max": 104.7116,
            "p(90)": 45.1411,
            "p(95)": 47.0536
        },
        "checks": {
            "passes": 1921,
            "fails": 0,
            "value": 1
        },
        "vus": {
            "min": 3000,
            "max": 3000,
            "value": 3000
        },
        "http_req_failed": {
            "passes": 0,
            "fails": 1921,
            "value": 0
        }
    }
}