{
    "root_group": {
        "name": "",
        "path": "",
        "id": "d41d8cd98f00b204e9800998ecf8427e",
        "groups": {},
        "checks": {
                "status = 200": {
                    "id": "5e90a7a0f7a18f344a4df4657c2138be",
                    "passes": 61,
                    "fails": 0,
                    "name": "status = 200",
                    "path": "::status = 200"
                }
            }
    },
    "metrics": {
        "http_req_blocked": {
            "avg": 128.80697049180327,
            "min": 123.0697,
            "med": 126.5824,
            "max": 192.883,
            "p(90)": 131.198,
            "p(95)": 134.9276
        },
        "http_req_tls_handshaking": {
            "avg": 87.17502295081967,
            "min": 81.4323,
            "med": 85.0669,
            "max": 148.8145,
            "p(90)": 89.1818,
            "p(95)": 91.0181
        },
        "checks": {
            "fails": 0,
            "passes": 61,
            "value": 1
        },
        "http_req_connecting": {
            "max": 53.8197,
            "p(90)": 42.1287,
            "p(95)": 43.2365,
            "avg": 41.02012622950819,
            "min": 38.9591,
            "med": 40.5951
        },
        "vus": {
            "value": 3000,
            "min": 3000,
            "max": 3000
        },
        "http_req_failed": {
            "passes": 0,
            "fails": 61,
            "value": 0
        },
        "data_sent": {
            "rate": 1596.292860848732,
            "count": 48251
        },
        "http_req_receiving": {
            "avg": 0.19051967213114757,
            "min": 0,
            "med": 0,
            "max": 1.1591,
            "p(90)": 0.6735,
            "p(95)": 0.9115
        },
        "iterations": {
            "count": 61,
            "rate": 2.0180693563195096
        },
        "http_req_duration{expected_response:true}": {
            "avg": 65.60176721311475,
            "min": 45.0734,
            "med": 49.5767,
            "max": 543.1829,
            "p(90)": 54.8241,
            "p(95)": 56.6878
        },
        "iteration_duration": {
            "avg": 194.7617131147541,
            "min": 170.8109,
            "med": 176.8161,
            "max": 666.0888,
            "p(90)": 185.9153,
            "p(95)": 216.3832
        },
        "vus_max": {
            "value": 3000,
            "min": 3000,
            "max": 3000
        },
        "http_req_waiting": {
            "p(90)": 53.7692,
            "p(95)": 54.8444,
            "avg": 64.83535245901636,
            "min": 44.1114,
            "med": 48.9746,
            "max": 543.0191
        },
        "http_req_sending": {
            "min": 0,
            "med": 0.549,
            "max": 1.3163,
            "p(90)": 0.998,
            "p(95)": 1.1819,
            "avg": 0.5758950819672133
        },
        "http_req_duration": {
            "max": 543.1829,
            "p(90)": 54.8241,
            "p(95)": 56.6878,
            "avg": 65.60176721311475,
            "min": 45.0734,
            "med": 49.5767
        },
        "http_reqs": {
            "count": 61,
            "rate": 2.0180693563195096
        },
        "data_received": {
            "count": 349652,
            "rate": 11567.573550423429
        }
    }
}