{
    "metrics": {
        "iteration_duration": {
            "p(90)": 393.28,
            "p(95)": 538.8506,
            "avg": 235.45268272632666,
            "min": 170.9107,
            "med": 181.5705,
            "max": 1181.6215
        },
        "http_req_tls_handshaking": {
            "avg": 106.27855816857445,
            "min": 82.3092,
            "med": 87.2905,
            "max": 636.7372,
            "p(90)": 118.9718,
            "p(95)": 208.9414
        },
        "http_reqs": {
            "count": 961,
            "rate": 31.531669412935077
        },
        "http_req_duration": {
            "max": 907.9409,
            "p(90)": 75.8024,
            "p(95)": 157.9151,
            "avg": 72.30285764828308,
            "min": 45.23,
            "med": 51.1999
        },
        "http_req_blocked": {
            "p(90)": 225.4298,
            "p(95)": 345.2426,
            "avg": 162.86923100936528,
            "min": 123.2737,
            "med": 129.8684,
            "max": 1134.0561
        },
        "http_req_receiving": {
            "p(95)": 0.9991,
            "avg": 0.4093970863683661,
            "min": 0,
            "med": 0.1845,
            "max": 45.2077,
            "p(90)": 0.885
        },
        "http_req_failed": {
            "passes": 0,
            "fails": 961,
            "value": 0
        },
        "http_req_duration{expected_response:true}": {
            "min": 45.23,
            "med": 51.1999,
            "max": 907.9409,
            "p(90)": 75.8024,
            "p(95)": 157.9151,
            "avg": 72.30285764828308
        },
        "data_received": {
            "rate": 180739.52907494386,
            "count": 5508452
        },
        "http_req_sending": {
            "avg": 0.9273705515088456,
            "min": 0,
            "med": 0.4797,
            "max": 347.2066,
            "p(90)": 1.1176,
            "p(95)": 1.5722
        },
        "checks": {
            "fails": 0,
            "passes": 961,
            "value": 1
        },
        "vus_max": {
            "max": 3000,
            "value": 3000,
            "min": 3000
        },
        "http_req_connecting": {
            "p(95)": 129.1665,
            "avg": 55.56501009365245,
            "min": 39.334,
            "med": 42.0975,
            "max": 1047.4367,
            "p(90)": 60.5862
        },
        "data_sent": {
            "count": 760151,
            "rate": 24941.550505631643
        },
        "iterations": {
            "count": 961,
            "rate": 31.531669412935077
        },
        "http_req_waiting": {
            "min": 44.9596,
            "med": 50.3932,
            "max": 907.4232,
            "p(90)": 75.2128,
            "p(95)": 156.9116,
            "avg": 70.96609001040581
        },
        "vus": {
            "value": 3000,
            "min": 3000,
            "max": 3000
        }
    },
    "root_group": {
        "name": "",
        "path": "",
        "id": "d41d8cd98f00b204e9800998ecf8427e",
        "groups": {},
        "checks": {
                "status = 200": {
                    "name": "status = 200",
                    "path": "::status = 200",
                    "id": "5e90a7a0f7a18f344a4df4657c2138be",
                    "passes": 961,
                    "fails": 0
                }
            }
    }
}