{
    "metrics": {
        "iterations": {
            "count": 1920,
            "rate": 61.75662056141458
        },
        "checks": {
            "passes": 1920,
            "fails": 0,
            "value": 1
        },
        "data_sent": {
            "count": 1518720,
            "rate": 48849.486864078935
        },
        "http_reqs": {
            "count": 1920,
            "rate": 61.75662056141458
        },
        "http_req_duration": {
            "min": 45.7198,
            "med": 51.86705,
            "max": 2820.1019,
            "p(90)": 273.9289500000002,
            "p(95)": 1428.621659999999,
            "avg": 192.32516911458313
        },
        "http_req_failed": {
            "passes": 0,
            "fails": 1920,
            "value": 0
        },
        "iteration_duration": {
            "max": 2951.3138,
            "p(90)": 544.1643000000015,
            "p(95)": 1557.3149249999988,
            "avg": 335.02136973958244,
            "min": 172.9803,
            "med": 186.77215
        },
        "http_req_blocked": {
            "min": 126.0008,
            "med": 133.0697,
            "max": 1150.661,
            "p(90)": 154.32552,
            "p(95)": 167.94530999999998,
            "avg": 142.37146171874994
        },
        "vus": {
            "value": 3000,
            "min": 3000,
            "max": 3000
        },
        "vus_max": {
            "value": 3000,
            "min": 3000,
            "max": 3000
        },
        "http_req_waiting": {
            "med": 51.23585,
            "max": 2818.241,
            "p(90)": 273.73088000000024,
            "p(95)": 1426.761934999999,
            "avg": 191.69129130208285,
            "min": 45.1638
        },
        "http_req_sending": {
            "p(90)": 0.8816600000000003,
            "p(95)": 1.0015100000000001,
            "avg": 0.4507809895833332,
            "min": 0,
            "med": 0.4871,
            "max": 1.5777
        },
        "data_received": {
            "count": 11005440,
            "rate": 353988.94905802835
        },
        "http_req_tls_handshaking": {
            "med": 89.7111,
            "max": 625.0375,
            "p(90)": 102.81154000000001,
            "p(95)": 112.74525499999999,
            "avg": 94.39435583333338,
            "min": 83.7971
        },
        "http_req_receiving": {
            "avg": 0.18309682291666682,
            "min": 0,
            "med": 0,
            "max": 5.0718,
            "p(90)": 0.626050000000001,
            "p(95)": 0.9669449999999998
        },
        "http_req_duration{expected_response:true}": {
            "avg": 192.32516911458313,
            "min": 45.7198,
            "med": 51.86705,
            "max": 2820.1019,
            "p(90)": 273.9289500000002,
            "p(95)": 1428.621659999999
        },
        "http_req_connecting": {
            "avg": 47.45072739583337,
            "min": 39.558,
            "med": 42.55985,
            "max": 1056.0829,
            "p(90)": 48.699630000000006,
            "p(95)": 55.920224999999995
        }
    },
    "root_group": {
        "checks": {
            "status = 200": {
                "path": "::status = 200",
                "id": "5e90a7a0f7a18f344a4df4657c2138be",
                "passes": 1920,
                "fails": 0,
                "name": "status = 200"
            }
        },
        "name": "",
        "path": "",
        "id": "d41d8cd98f00b204e9800998ecf8427e",
        "groups": {}
    }
}