{
    "root_group": {
        "name": "",
        "path": "",
        "id": "d41d8cd98f00b204e9800998ecf8427e",
        "groups": {},
        "checks": {
                "status = 200": {
                    "name": "status = 200",
                    "path": "::status = 200",
                    "id": "5e90a7a0f7a18f344a4df4657c2138be",
                    "passes": 961,
                    "fails": 0
                }
            }
    },
    "metrics": {
        "http_req_connecting": {
            "p(90)": 45.3298,
            "p(95)": 48.5948,
            "avg": 44.29537315296561,
            "min": 39.3993,
            "med": 41.8205,
            "max": 1049.4956
        },
        "http_req_sending": {
            "avg": 0.47571987513007263,
            "min": 0,
            "med": 0.4713,
            "max": 2.5661,
            "p(90)": 0.937,
            "p(95)": 1.0398
        },
        "http_req_duration": {
            "p(95)": 57.6484,
            "avg": 51.9770421436005,
            "min": 45.7068,
            "med": 50.8127,
            "max": 398.2925,
            "p(90)": 54.5515
        },
        "vus": {
            "value": 3000,
            "min": 3000,
            "max": 3000
        },
        "http_req_blocked": {
            "avg": 135.63421685744018,
            "min": 123.8457,
            "med": 131.2923,
            "max": 1136.9579,
            "p(90)": 140.5285,
            "p(95)": 146.993
        },
        "checks": {
            "passes": 961,
            "fails": 0,
            "value": 1
        },
        "data_sent": {
            "count": 760151,
            "rate": 25178.077486212394
        },
        "iteration_duration": {
            "avg": 187.87528126951088,
            "min": 171.0562,
            "med": 182.8159,
            "max": 1185.9398,
            "p(90)": 194.5862,
            "p(95)": 200.2819
        },
        "data_received": {
            "rate": 182453.52737164276,
            "count": 5508452
        },
        "http_req_failed": {
            "passes": 0,
            "fails": 961,
            "value": 0
        },
        "http_req_duration{expected_response:true}": {
            "avg": 51.9770421436005,
            "min": 45.7068,
            "med": 50.8127,
            "max": 398.2925,
            "p(90)": 54.5515,
            "p(95)": 57.6484
        },
        "http_reqs": {
            "count": 961,
            "rate": 31.83069214438988
        },
        "http_req_tls_handshaking": {
            "p(95)": 101.9431,
            "avg": 90.80820280957327,
            "min": 82.8349,
            "med": 88.3858,
            "max": 485.3885,
            "p(90)": 94.7801
        },
        "vus_max": {
            "value": 3000,
            "min": 3000,
            "max": 3000
        },
        "http_req_waiting": {
            "max": 397.7756,
            "p(90)": 53.7347,
            "p(95)": 56.7868,
            "avg": 51.24831071800203,
            "min": 44.9803,
            "med": 50.1545
        },
        "http_req_receiving": {
            "p(90)": 0.7069,
            "p(95)": 0.9312,
            "avg": 0.2530115504682621,
            "min": 0,
            "med": 0,
            "max": 56.0299
        },
        "iterations": {
            "count": 961,
            "rate": 31.83069214438988
        }
    }
}