{
    "root_group": {
        "name": "",
        "path": "",
        "id": "d41d8cd98f00b204e9800998ecf8427e",
        "groups": {},
        "checks": {
                "status = 200": {
                    "path": "::status = 200",
                    "id": "5e90a7a0f7a18f344a4df4657c2138be",
                    "passes": 31,
                    "fails": 0,
                    "name": "status = 200"
                }
            }
    },
    "metrics": {
        "http_reqs": {
            "count": 31,
            "rate": 1.027375892171982
        },
        "http_req_duration{expected_response:true}": {
            "avg": 115.80773870967745,
            "min": 46.0718,
            "med": 50.0731,
            "max": 1061.1339,
            "p(90)": 59.9738,
            "p(95)": 558.95015
        },
        "checks": {
            "fails": 0,
            "passes": 31,
            "value": 1
        },
        "http_req_blocked": {
            "med": 127.1884,
            "max": 167.7445,
            "p(90)": 133.2342,
            "p(95)": 149.04735,
            "avg": 129.84042903225804,
            "min": 123.5019
        },
        "http_req_receiving": {
            "med": 0,
            "max": 1.1025,
            "p(90)": 0.8709,
            "p(95)": 0.9863999999999999,
            "avg": 0.22087096774193546,
            "min": 0
        },
        "data_sent": {
            "count": 24521,
            "rate": 812.6543307080377
        },
        "iteration_duration": {
            "avg": 246.0814806451613,
            "min": 171.9891,
            "med": 177.6273,
            "max": 1190.7343,
            "p(90)": 207.9636,
            "p(95)": 699.2633000000001
        },
        "data_received": {
            "rate": 5888.918613929801,
            "count": 177692
        },
        "http_req_duration": {
            "min": 46.0718,
            "med": 50.0731,
            "max": 1061.1339,
            "p(90)": 59.9738,
            "p(95)": 558.95015,
            "avg": 115.80773870967745
        },
        "http_req_tls_handshaking": {
            "avg": 88.52741935483871,
            "min": 82.4652,
            "med": 85.7033,
            "max": 123.3282,
            "p(90)": 92.3685,
            "p(95)": 107.51435000000001
        },
        "iterations": {
            "count": 31,
            "rate": 1.027375892171982
        },
        "http_req_sending": {
            "med": 0.6289,
            "max": 1.2826,
            "p(90)": 1.0012,
            "p(95)": 1.23265,
            "avg": 0.6039096774193549,
            "min": 0
        },
        "vus": {
            "min": 3000,
            "max": 3000,
            "value": 3000
        },
        "http_req_waiting": {
            "avg": 114.98295806451611,
            "min": 45.5285,
            "med": 49.1552,
            "max": 1060.3247,
            "p(90)": 59.5648,
            "p(95)": 558.4156
        },
        "vus_max": {
            "max": 3000,
            "value": 3000,
            "min": 3000
        },
        "http_req_failed": {
            "passes": 0,
            "fails": 31,
            "value": 0
        },
        "http_req_connecting": {
            "p(95)": 42.0278,
            "avg": 40.57098709677419,
            "min": 39.1347,
            "med": 40.6863,
            "max": 42.6657,
            "p(90)": 41.7908
        }
    }
}