{
    "root_group": {
        "name": "",
        "path": "",
        "id": "d41d8cd98f00b204e9800998ecf8427e",
        "groups": {},
        "checks": {
                "status = 200": {
                    "fails": 0,
                    "name": "status = 200",
                    "path": "::status = 200",
                    "id": "5e90a7a0f7a18f344a4df4657c2138be",
                    "passes": 61
                }
            }
    },
    "metrics": {
        "http_req_connecting": {
            "avg": 40.68867049180329,
            "min": 38.5634,
            "med": 40.5288,
            "max": 45.7443,
            "p(90)": 41.902,
            "p(95)": 42.2489
        },
        "http_req_sending": {
            "avg": 0.5722590163934428,
            "min": 0,
            "med": 0.5462,
            "max": 1.1284,
            "p(90)": 0.8999,
            "p(95)": 1.0677
        },
        "vus": {
            "value": 3000,
            "min": 3000,
            "max": 3000
        },
        "http_req_tls_handshaking": {
            "max": 113.783,
            "p(90)": 89.0352,
            "p(95)": 90.9185,
            "avg": 86.69312786885247,
            "min": 82.5021,
            "med": 85.6111
        },
        "data_received": {
            "count": 349652,
            "rate": 11582.716463765511
        },
        "iteration_duration": {
            "p(95)": 195.7587,
            "avg": 190.6942557377049,
            "min": 170.0637,
            "med": 176.6758,
            "max": 574.7583,
            "p(90)": 184.4618
        },
        "iterations": {
            "count": 61,
            "rate": 2.020711176511778
        },
        "http_req_blocked": {
            "med": 127.02,
            "max": 157.4983,
            "p(90)": 130.5224,
            "p(95)": 133.6585,
            "avg": 128.10687868852457,
            "min": 122.7824
        },
        "http_req_failed": {
            "passes": 0,
            "fails": 61,
            "value": 0
        },
        "vus_max": {
            "min": 3000,
            "max": 3000,
            "value": 3000
        },
        "checks": {
            "passes": 61,
            "fails": 0,
            "value": 1
        },
        "http_req_receiving": {
            "avg": 0.15349672131147546,
            "min": 0,
            "med": 0,
            "max": 1.0079,
            "p(90)": 0.6024,
            "p(95)": 0.9039
        },
        "http_req_duration{expected_response:true}": {
            "min": 44.5884,
            "med": 48.5145,
            "max": 444.8159,
            "p(90)": 51.8636,
            "p(95)": 57.1934,
            "avg": 62.09560327868853
        },
        "http_reqs": {
            "count": 61,
            "rate": 2.020711176511778
        },
        "http_req_duration": {
            "avg": 62.09560327868853,
            "min": 44.5884,
            "med": 48.5145,
            "max": 444.8159,
            "p(90)": 51.8636,
            "p(95)": 57.1934
        },
        "http_req_waiting": {
            "avg": 61.36984754098361,
            "min": 44.0885,
            "med": 47.8826,
            "max": 444.2421,
            "p(90)": 51.2253,
            "p(95)": 55.9455
        },
        "data_sent": {
            "rate": 1598.3825406208164,
            "count": 48251
        }
    }
}