{
    "root_group": {
        "id": "d41d8cd98f00b204e9800998ecf8427e",
        "groups": {},
        "checks": {
                "status = 200": {
                    "fails": 0,
                    "name": "status = 200",
                    "path": "::status = 200",
                    "id": "5e90a7a0f7a18f344a4df4657c2138be",
                    "passes": 241
                }
            },
        "name": "",
        "path": ""
    },
    "metrics": {
        "http_req_connecting": {
            "avg": 41.17311452282159,
            "min": 38.8415,
            "med": 40.4356,
            "max": 92.66,
            "p(90)": 42.9804,
            "p(95)": 44.1137
        },
        "http_req_sending": {
            "avg": 0.48971244813278003,
            "min": 0,
            "med": 0.4891,
            "max": 1.1374,
            "p(90)": 0.9558,
            "p(95)": 1.0475
        },
        "http_req_blocked": {
            "avg": 126.22857717842321,
            "min": 121.2055,
            "med": 124.8701,
            "max": 176.2595,
            "p(90)": 130.208,
            "p(95)": 132.6066
        },
        "vus": {
            "value": 3000,
            "min": 3000,
            "max": 3000
        },
        "http_req_failed": {
            "fails": 241,
            "passes": 0,
            "value": 0
        },
        "data_sent": {
            "count": 190631,
            "rate": 6314.955262422249
        },
        "http_req_waiting": {
            "p(90)": 51.5363,
            "p(95)": 53.7435,
            "avg": 49.565663900414954,
            "min": 43.9198,
            "med": 49.0077,
            "max": 105.328
        },
        "iterations": {
            "count": 241,
            "rate": 7.983508549206383
        },
        "http_req_duration": {
            "min": 44.8369,
            "med": 49.9269,
            "max": 106.3593,
            "p(90)": 52.4977,
            "p(95)": 54.8209,
            "avg": 50.530820746888004
        },
        "http_req_duration{expected_response:true}": {
            "avg": 50.530820746888004,
            "min": 44.8369,
            "med": 49.9269,
            "max": 106.3593,
            "p(90)": 52.4977,
            "p(95)": 54.8209
        },
        "http_reqs": {
            "count": 241,
            "rate": 7.983508549206383
        },
        "checks": {
            "fails": 0,
            "passes": 241,
            "value": 1
        },
        "vus_max": {
            "value": 3000,
            "min": 3000,
            "max": 3000
        },
        "iteration_duration": {
            "max": 233.3525,
            "p(90)": 181.6205,
            "p(95)": 185.0722,
            "avg": 176.6635348547718,
            "min": 167.1955,
            "med": 175.0352
        },
        "http_req_tls_handshaking": {
            "avg": 84.54754481327797,
            "min": 80.5519,
            "med": 83.6686,
            "max": 117.5972,
            "p(90)": 87.8313,
            "p(95)": 89.5162
        },
        "http_req_receiving": {
            "p(95)": 0.9772,
            "avg": 0.47544439834024915,
            "min": 0,
            "med": 0.4444,
            "max": 1.6851,
            "p(90)": 0.9022
        },
        "data_received": {
            "count": 1381412,
            "rate": 45761.47100405099
        }
    }
}