{
    "metrics": {
        "http_req_duration": {
            "avg": 50.7236064516129,
            "min": 46.6006,
            "med": 50.2023,
            "max": 58.5625,
            "p(90)": 53.0063,
            "p(95)": 54.71565
        },
        "vus_max": {
            "value": 3000,
            "min": 3000,
            "max": 3000
        },
        "http_req_duration{expected_response:true}": {
            "p(95)": 54.71565,
            "avg": 50.7236064516129,
            "min": 46.6006,
            "med": 50.2023,
            "max": 58.5625,
            "p(90)": 53.0063
        },
        "data_received": {
            "count": 177692,
            "rate": 5884.506067243606
        },
        "http_req_blocked": {
            "med": 126.9695,
            "max": 154.3228,
            "p(90)": 134.0951,
            "p(95)": 136.59675,
            "avg": 128.65543548387097,
            "min": 122.1112
        },
        "iterations": {
            "count": 31,
            "rate": 1.0266060829106083
        },
        "vus": {
            "min": 3000,
            "max": 3000,
            "value": 3000
        },
        "http_req_connecting": {
            "min": 38.3897,
            "med": 40.2905,
            "max": 51.1299,
            "p(90)": 41.7188,
            "p(95)": 41.79305,
            "avg": 40.68267419354839
        },
        "http_req_tls_handshaking": {
            "med": 85.8392,
            "max": 112.4343,
            "p(90)": 92.0446,
            "p(95)": 95.04679999999999,
            "avg": 87.25700322580647,
            "min": 82.458
        },
        "http_req_failed": {
            "passes": 0,
            "fails": 31,
            "value": 0
        },
        "http_reqs": {
            "count": 31,
            "rate": 1.0266060829106083
        },
        "checks": {
            "passes": 31,
            "fails": 0,
            "value": 1
        },
        "http_req_sending": {
            "p(90)": 1.028,
            "p(95)": 1.08935,
            "avg": 0.5759774193548387,
            "min": 0,
            "med": 0.5663,
            "max": 1.1706
        },
        "http_req_receiving": {
            "min": 0,
            "med": 0,
            "max": 0.791,
            "p(90)": 0.1304,
            "p(95)": 0.358,
            "avg": 0.052819354838709684
        },
        "iteration_duration": {
            "avg": 179.75611935483866,
            "min": 169.7539,
            "med": 178.339,
            "max": 213.6933,
            "p(90)": 184.7562,
            "p(95)": 188.25689999999997
        },
        "http_req_waiting": {
            "avg": 50.09480967741937,
            "min": 46.3219,
            "med": 49.636,
            "max": 56.7695,
            "p(90)": 52.7522,
            "p(95)": 53.86235
        },
        "data_sent": {
            "count": 24521,
            "rate": 812.0454115822911
        }
    },
    "root_group": {
        "checks": {
            "status = 200": {
                "passes": 31,
                "fails": 0,
                "name": "status = 200",
                "path": "::status = 200",
                "id": "5e90a7a0f7a18f344a4df4657c2138be"
            }
        },
        "name": "",
        "path": "",
        "id": "d41d8cd98f00b204e9800998ecf8427e",
        "groups": {}
    }
}