{
    "root_group": {
        "name": "",
        "path": "",
        "id": "d41d8cd98f00b204e9800998ecf8427e",
        "groups": {},
        "checks": {
                "status = 200": {
                    "id": "5e90a7a0f7a18f344a4df4657c2138be",
                    "passes": 1921,
                    "fails": 0,
                    "name": "status = 200",
                    "path": "::status = 200"
                }
            }
    },
    "metrics": {
        "data_received": {
            "count": 11011172,
            "rate": 364725.89721831674
        },
        "http_req_waiting": {
            "p(95)": 571.9168,
            "avg": 120.15836871421148,
            "min": 44.6057,
            "med": 50.3065,
            "max": 2080.9068,
            "p(90)": 56.2384
        },
        "http_req_tls_handshaking": {
            "avg": 90.4780502342531,
            "min": 83.7992,
            "med": 89.4856,
            "max": 158.2266,
            "p(90)": 93.9465,
            "p(95)": 96.026
        },
        "http_reqs": {
            "count": 1921,
            "rate": 63.62977969614737
        },
        "checks": {
            "passes": 1921,
            "fails": 0,
            "value": 1
        },
        "http_req_blocked": {
            "p(95)": 141.5079,
            "avg": 134.07177173347205,
            "min": 124.8432,
            "med": 132.835,
            "max": 208.4291,
            "p(90)": 138.331
        },
        "http_req_sending": {
            "max": 2.5627,
            "p(90)": 0.879,
            "p(95)": 1.0042,
            "avg": 0.44005694950546587,
            "min": 0,
            "med": 0.4702
        },
        "vus_max": {
            "value": 3000,
            "min": 3000,
            "max": 3000
        },
        "data_sent": {
            "count": 1519511,
            "rate": 50331.15573965257
        },
        "iterations": {
            "count": 1921,
            "rate": 63.62977969614737
        },
        "http_req_duration": {
            "avg": 120.75716850598668,
            "min": 45.4258,
            "med": 50.9498,
            "max": 2080.9068,
            "p(90)": 56.8088,
            "p(95)": 572.241
        },
        "http_req_receiving": {
            "max": 2.938,
            "p(90)": 0.6032,
            "p(95)": 0.8867,
            "avg": 0.15874284226965113,
            "min": 0,
            "med": 0
        },
        "vus": {
            "value": 3000,
            "min": 3000,
            "max": 3000
        },
        "http_req_failed": {
            "fails": 1921,
            "passes": 0,
            "value": 0
        },
        "http_req_duration{expected_response:true}": {
            "max": 2080.9068,
            "p(90)": 56.8088,
            "p(95)": 572.241,
            "avg": 120.75716850598668,
            "min": 45.4258,
            "med": 50.9498
        },
        "http_req_connecting": {
            "p(90)": 45.211,
            "p(95)": 46.4332,
            "avg": 43.08907162935982,
            "min": 39.8517,
            "med": 42.4104,
            "max": 102.1563
        },
        "iteration_duration": {
            "min": 172.8793,
            "med": 184.698,
            "max": 2213.7844,
            "p(90)": 199.8595,
            "p(95)": 714.9044,
            "avg": 255.14458891202563
        }
    }
}