{
    "root_group": {
        "name": "",
        "path": "",
        "id": "d41d8cd98f00b204e9800998ecf8427e",
        "groups": {},
        "checks": {
                "status = 200": {
                    "path": "::status = 200",
                    "id": "5e90a7a0f7a18f344a4df4657c2138be",
                    "passes": 61,
                    "fails": 0,
                    "name": "status = 200"
                }
            }
    },
    "metrics": {
        "http_req_tls_handshaking": {
            "avg": 87.52419508196722,
            "min": 83.1731,
            "med": 86.4046,
            "max": 137.2414,
            "p(90)": 89.8995,
            "p(95)": 93.3799
        },
        "checks": {
            "passes": 61,
            "fails": 0,
            "value": 1
        },
        "http_req_receiving": {
            "med": 0,
            "max": 1.1323,
            "p(90)": 0.5651,
            "p(95)": 0.9474,
            "avg": 0.12651311475409838,
            "min": 0
        },
        "http_req_failed": {
            "passes": 0,
            "fails": 61,
            "value": 0
        },
        "http_reqs": {
            "count": 61,
            "rate": 2.020527726996469
        },
        "http_req_duration": {
            "med": 49.1432,
            "max": 1759.9919,
            "p(90)": 54.7717,
            "p(95)": 272.0139,
            "avg": 113.17822295081967,
            "min": 45.498
        },
        "vus_max": {
            "value": 3000,
            "min": 3000,
            "max": 3000
        },
        "data_sent": {
            "count": 48251,
            "rate": 1598.2374320542071
        },
        "vus": {
            "value": 3000,
            "min": 3000,
            "max": 3000
        },
        "http_req_blocked": {
            "med": 127.5187,
            "max": 178.7661,
            "p(90)": 131.1454,
            "p(95)": 135.6415,
            "avg": 128.9294245901639,
            "min": 124.4549
        },
        "http_req_sending": {
            "avg": 0.585506557377049,
            "min": 0,
            "med": 0.6013,
            "max": 1.1734,
            "p(90)": 0.9169,
            "p(95)": 1.0377
        },
        "iteration_duration": {
            "med": 177.7293,
            "max": 1893.0407,
            "p(90)": 188.5947,
            "p(95)": 401.3274,
            "avg": 242.56080163934422,
            "min": 172.3132
        },
        "http_req_duration{expected_response:true}": {
            "max": 1759.9919,
            "p(90)": 54.7717,
            "p(95)": 272.0139,
            "avg": 113.17822295081967,
            "min": 45.498,
            "med": 49.1432
        },
        "data_received": {
            "count": 349652,
            "rate": 11581.664931143761
        },
        "http_req_connecting": {
            "med": 40.4857,
            "max": 45.742,
            "p(90)": 41.6926,
            "p(95)": 42.2986,
            "avg": 40.68479508196723,
            "min": 39.3798
        },
        "iterations": {
            "count": 61,
            "rate": 2.020527726996469
        },
        "http_req_waiting": {
            "max": 1759.399,
            "p(90)": 54.7717,
            "p(95)": 271.3931,
            "avg": 112.46620327868852,
            "min": 44.9211,
            "med": 48.5612
        }
    }
}