{
    "root_group": {
        "checks": {
            "status = 200": {
                "path": "::status = 200",
                "id": "5e90a7a0f7a18f344a4df4657c2138be",
                "passes": 240,
                "fails": 0,
                "name": "status = 200"
            }
        },
        "name": "",
        "path": "",
        "id": "d41d8cd98f00b204e9800998ecf8427e",
        "groups": {}
    },
    "metrics": {
        "http_req_sending": {
            "avg": 0.42067416666666646,
            "min": 0,
            "med": 0.34835,
            "max": 1.3876,
            "p(90)": 0.94072,
            "p(95)": 1.0131249999999998
        },
        "http_req_connecting": {
            "avg": 52.9314566666667,
            "min": 38.3988,
            "med": 40.42595,
            "max": 1075.0224,
            "p(90)": 49.40551999999999,
            "p(95)": 73.29899999999994
        },
        "http_req_duration": {
            "avg": 57.5666275,
            "min": 44.9414,
            "med": 50.0233,
            "max": 559.3473,
            "p(90)": 57.17661999999999,
            "p(95)": 68.704735
        },
        "iteration_duration": {
            "avg": 217.18866333333324,
            "min": 168.2157,
            "med": 175.53995,
            "max": 1782.4198,
            "p(90)": 210.76269999999994,
            "p(95)": 292.86298999999974
        },
        "vus_max": {
            "value": 3000,
            "min": 3000,
            "max": 3000
        },
        "http_reqs": {
            "count": 240,
            "rate": 7.9843648304870944
        },
        "http_req_duration{expected_response:true}": {
            "avg": 57.5666275,
            "min": 44.9414,
            "med": 50.0233,
            "max": 559.3473,
            "p(90)": 57.17661999999999,
            "p(95)": 68.704735
        },
        "http_req_tls_handshaking": {
            "p(95)": 137.01009499999998,
            "avg": 106.28591374999999,
            "min": 80.1424,
            "med": 84.2221,
            "max": 1562.6078,
            "p(90)": 101.65046
        },
        "http_req_failed": {
            "passes": 0,
            "fails": 240,
            "value": 0
        },
        "data_received": {
            "count": 1375680,
            "rate": 45766.379208352024
        },
        "vus": {
            "value": 3000,
            "min": 3000,
            "max": 3000
        },
        "data_sent": {
            "rate": 6315.632580915291,
            "count": 189840
        },
        "checks": {
            "passes": 240,
            "fails": 0,
            "value": 1
        },
        "iterations": {
            "count": 240,
            "rate": 7.9843648304870944
        },
        "http_req_blocked": {
            "min": 120.4388,
            "med": 125.13425000000001,
            "max": 1672.5889,
            "p(90)": 158.4675,
            "p(95)": 224.33273999999983,
            "avg": 159.6429616666667
        },
        "http_req_waiting": {
            "avg": 56.24399583333336,
            "min": 44.143,
            "med": 48.9008,
            "max": 558.1544,
            "p(90)": 56.40152,
            "p(95)": 68.46552499999999
        },
        "http_req_receiving": {
            "avg": 0.9019575,
            "min": 0,
            "med": 0.4162,
            "max": 68.8407,
            "p(90)": 0.9190499999999999,
            "p(95)": 0.9833799999999999
        }
    }
}