{
    "metrics": {
        "http_req_blocked": {
            "min": 124.6431,
            "med": 131.3848,
            "max": 194.9868,
            "p(90)": 138.083,
            "p(95)": 144.5751,
            "avg": 133.22878355879283
        },
        "iteration_duration": {
            "p(95)": 581.0528,
            "avg": 226.77578647242441,
            "min": 174.839,
            "med": 183.465,
            "max": 1167.2511,
            "p(90)": 219.578
        },
        "http_reqs": {
            "count": 961,
            "rate": 31.82007381972368
        },
        "iterations": {
            "count": 961,
            "rate": 31.82007381972368
        },
        "http_req_connecting": {
            "avg": 42.72180509885529,
            "min": 39.6803,
            "med": 41.8055,
            "max": 102.4286,
            "p(90)": 44.1952,
            "p(95)": 47.3499
        },
        "http_req_tls_handshaking": {
            "avg": 89.85847565036418,
            "min": 82.7242,
            "med": 88.6118,
            "max": 150.0071,
            "p(90)": 93.3831,
            "p(95)": 97.2937
        },
        "http_req_sending": {
            "avg": 0.5384445369406864,
            "min": 0,
            "med": 0.5307,
            "max": 1.3795,
            "p(90)": 0.9697,
            "p(95)": 1.0784
        },
        "http_req_failed": {
            "fails": 961,
            "passes": 0,
            "value": 0
        },
        "http_req_duration": {
            "max": 1037.8009,
            "p(90)": 63.9599,
            "p(95)": 451.0999,
            "avg": 93.14890957336121,
            "min": 45.8641,
            "med": 51.198
        },
        "http_req_receiving": {
            "med": 0,
            "max": 1.1888,
            "p(90)": 0.5717,
            "p(95)": 0.9084,
            "avg": 0.14209302809573368,
            "min": 0
        },
        "vus": {
            "value": 3000,
            "min": 3000,
            "max": 3000
        },
        "data_sent": {
            "count": 760151,
            "rate": 25169.67839140143
        },
        "vus_max": {
            "max": 3000,
            "value": 3000,
            "min": 3000
        },
        "http_req_duration{expected_response:true}": {
            "med": 51.198,
            "max": 1037.8009,
            "p(90)": 63.9599,
            "p(95)": 451.0999,
            "avg": 93.14890957336121,
            "min": 45.8641
        },
        "data_received": {
            "rate": 182392.66313465615,
            "count": 5508452
        },
        "http_req_waiting": {
            "med": 50.4404,
            "max": 1037.1972,
            "p(90)": 63.1433,
            "p(95)": 450.5949,
            "avg": 92.46837200832452,
            "min": 45.3043
        },
        "checks": {
            "passes": 961,
            "fails": 0,
            "value": 1
        }
    },
    "root_group": {
        "name": "",
        "path": "",
        "id": "d41d8cd98f00b204e9800998ecf8427e",
        "groups": {},
        "checks": {
                "status = 200": {
                    "passes": 961,
                    "fails": 0,
                    "name": "status = 200",
                    "path": "::status = 200",
                    "id": "5e90a7a0f7a18f344a4df4657c2138be"
                }
            }
    }
}