{
    "metrics": {
        "iterations": {
            "count": 301,
            "rate": 29.890990239846893
        },
        "data_received": {
            "count": 1172087,
            "rate": 116394.8208546559
        },
        "iteration_duration": {
            "p(90)": 317.236458,
            "p(95)": 337.468416,
            "avg": 214.42233328903652,
            "min": 54.092583,
            "med": 256.266833,
            "max": 448.3075
        },
        "http_req_sending": {
            "avg": 0.13484385382059805,
            "min": 0.045,
            "med": 0.126,
            "max": 0.607,
            "p(90)": 0.194,
            "p(95)": 0.216
        },
        "vus_max": {
            "value": 200,
            "min": 200,
            "max": 200
        },
        "http_req_waiting": {
            "p(90)": 105.24,
            "p(95)": 115.886,
            "avg": 77.62128239202659,
            "min": 53.495,
            "med": 71.665,
            "max": 182.871
        },
        "vus": {
            "value": 200,
            "min": 200,
            "max": 200
        },
        "data_sent": {
            "count": 171362,
            "rate": 17017.208868706457
        },
        "http_req_duration": {
            "p(90)": 106.282,
            "p(95)": 116.138,
            "avg": 78.11511960132893,
            "min": 53.732,
            "med": 71.898,
            "max": 183.122
        },
        "http_req_duration{expected_response:true}": {
            "avg": 78.11511960132893,
            "min": 53.732,
            "med": 71.898,
            "max": 183.122,
            "p(90)": 106.282,
            "p(95)": 116.138
        },
        "http_req_tls_handshaking": {
            "avg": 92.16538538205981,
            "min": 0,
            "med": 122.515,
            "max": 273.915,
            "p(90)": 157.588,
            "p(95)": 167.054
        },
        "http_req_failed": {
            "passes": 0,
            "fails": 301,
            "value": 0
        },
        "checks": {
            "passes": 301,
            "fails": 0,
            "value": 1
        },
        "http_req_receiving": {
            "avg": 0.35899335548172784,
            "min": 0.019,
            "med": 0.048,
            "max": 15.423,
            "p(90)": 0.509,
            "p(95)": 1.835
        },
        "http_reqs": {
            "count": 301,
            "rate": 29.890990239846893
        },
        "http_req_blocked": {
            "avg": 135.93738205979977,
            "min": 0,
            "med": 182.862,
            "max": 360.135,
            "p(90)": 229.865,
            "p(95)": 246.248
        },
        "http_req_connecting": {
            "avg": 43.68004318936877,
            "min": 0,
            "med": 55.674,
            "max": 199.974,
            "p(90)": 74.353,
            "p(95)": 89.167
        }
    },
    "root_group": {
        "name": "",
        "path": "",
        "id": "d41d8cd98f00b204e9800998ecf8427e",
        "groups": {},
        "checks": {
                "status = 200": {
                    "path": "::status = 200",
                    "id": "5e90a7a0f7a18f344a4df4657c2138be",
                    "passes": 301,
                    "fails": 0,
                    "name": "status = 200"
                }
            }
    }
}