{
    "root_group": {
        "name": "",
        "path": "",
        "id": "d41d8cd98f00b204e9800998ecf8427e",
        "groups": {},
        "checks": {
                "status = 200": {
                    "passes": 100,
                    "fails": 0,
                    "name": "status = 200",
                    "path": "::status = 200",
                    "id": "5e90a7a0f7a18f344a4df4657c2138be"
                }
            }
    },
    "metrics": {
        "iteration_duration": {
            "max": 527.774125,
            "p(90)": 86.35911730000035,
            "p(95)": 280.0564475999998,
            "avg": 81.48205585000001,
            "min": 48.705333,
            "med": 52.3486875
        },
        "data_sent": {
            "rate": 4414.602548370343,
            "count": 22330
        },
        "iterations": {
            "count": 100,
            "rate": 19.769827802822853
        },
        "http_req_blocked": {
            "p(90)": 16.437700000000362,
            "p(95)": 210.4656999999998,
            "avg": 26.842300000000133,
            "min": 0,
            "med": 0.001,
            "max": 457.45
        },
        "http_req_connecting": {
            "avg": 5.01028,
            "min": 0,
            "med": 0,
            "max": 59.436,
            "p(90)": 4.596200000000102,
            "p(95)": 46.991
        },
        "http_req_waiting": {
            "avg": 53.81528,
            "min": 48.145,
            "med": 51.6185,
            "max": 70.186,
            "p(90)": 61.901300000000006,
            "p(95)": 68.3408
        },
        "vus_max": {
            "value": 10,
            "min": 10,
            "max": 10
        },
        "http_req_sending": {
            "p(95)": 0.7799999999999994,
            "avg": 0.18724000000000007,
            "min": 0.045,
            "med": 0.11699999999999999,
            "max": 2.712,
            "p(90)": 0.1899
        },
        "http_req_tls_handshaking": {
            "p(90)": 11.043900000000242,
            "p(95)": 163.8225999999998,
            "avg": 20.67857,
            "min": 0,
            "med": 0,
            "max": 330.674
        },
        "http_req_failed": {
            "passes": 0,
            "fails": 100,
            "value": 0
        },
        "http_req_duration": {
            "avg": 54.288010000000014,
            "min": 48.217,
            "med": 51.900499999999994,
            "max": 71.207,
            "p(90)": 62.406200000000005,
            "p(95)": 69.4172
        },
        "http_reqs": {
            "count": 100,
            "rate": 19.769827802822853
        },
        "vus": {
            "value": 10,
            "min": 10,
            "max": 10
        },
        "http_req_duration{expected_response:true}": {
            "med": 51.900499999999994,
            "max": 71.207,
            "p(90)": 62.406200000000005,
            "p(95)": 69.4172,
            "avg": 54.288010000000014,
            "min": 48.217
        },
        "http_req_receiving": {
            "avg": 0.2854899999999999,
            "min": 0.016,
            "med": 0.0695,
            "max": 7.151,
            "p(90)": 0.14310000000000003,
            "p(95)": 1.2225999999999984
        },
        "checks": {
            "passes": 100,
            "fails": 0,
            "value": 1
        },
        "data_received": {
            "count": 74490,
            "rate": 14726.544730322743
        },
        "dropped_iterations": {
            "count": 1,
            "rate": 0.19769827802822854
        }
    }
}