{
    "root_group": {
        "checks": {
            "status = 200": {
                "passes": 101,
                "fails": 0,
                "name": "status = 200",
                "path": "::status = 200",
                "id": "5e90a7a0f7a18f344a4df4657c2138be"
            }
        },
        "name": "",
        "path": "",
        "id": "d41d8cd98f00b204e9800998ecf8427e",
        "groups": {}
    },
    "metrics": {
        "http_req_failed": {
            "passes": 0,
            "fails": 101,
            "value": 0
        },
        "iteration_duration": {
            "avg": 89.28519099009897,
            "min": 48.976625,
            "med": 55.793875,
            "max": 672.072,
            "p(90)": 208.38975,
            "p(95)": 213.850917
        },
        "http_req_blocked": {
            "avg": 15.432356435643552,
            "min": 0,
            "med": 0.001,
            "max": 161.876,
            "p(90)": 0.006,
            "p(95)": 155.391
        },
        "iterations": {
            "count": 101,
            "rate": 19.959010910464865
        },
        "checks": {
            "fails": 0,
            "passes": 101,
            "value": 1
        },
        "http_req_connecting": {
            "p(95)": 48.487,
            "avg": 5.015475247524753,
            "min": 0,
            "med": 0,
            "max": 59.587,
            "p(90)": 0
        },
        "data_sent": {
            "count": 22492,
            "rate": 4444.733399981938
        },
        "http_req_tls_handshaking": {
            "p(90)": 0,
            "p(95)": 104.914,
            "avg": 10.39210891089109,
            "min": 0,
            "med": 0,
            "max": 110.127
        },
        "vus_max": {
            "value": 10,
            "min": 10,
            "max": 10
        },
        "http_req_duration{expected_response:true}": {
            "min": 48.186,
            "med": 53.063,
            "max": 671.511,
            "p(90)": 73.298,
            "p(95)": 209,
            "avg": 73.50376237623762
        },
        "http_req_waiting": {
            "med": 52.795,
            "max": 491.963,
            "p(90)": 70.367,
            "p(95)": 86.141,
            "avg": 67.29190099009902,
            "min": 46.778
        },
        "http_req_receiving": {
            "med": 0.065,
            "max": 585.202,
            "p(90)": 0.831,
            "p(95)": 2.821,
            "avg": 6.099198019801982,
            "min": 0.026
        },
        "http_req_duration": {
            "max": 671.511,
            "p(90)": 73.298,
            "p(95)": 209,
            "avg": 73.50376237623762,
            "min": 48.186,
            "med": 53.063
        },
        "http_req_sending": {
            "p(90)": 0.163,
            "p(95)": 0.184,
            "avg": 0.11266336633663365,
            "min": 0.046,
            "med": 0.097,
            "max": 0.924
        },
        "vus": {
            "value": 10,
            "min": 10,
            "max": 10
        },
        "data_received": {
            "count": 74677,
            "rate": 14757.218393671135
        },
        "http_reqs": {
            "count": 101,
            "rate": 19.959010910464865
        }
    }
}